,0,1,2,3,4,5,6,7,8,9,10,11,12,13,14,15,16,17,18,19,20,21,22,23,24,25,26,27,28,29,30,31,32,33,34,35,36,37,38,39,40,41,42,43,44,45,46,47,48,49,50,51,52,53,54,55,56,57,58,59,60,61,62,63
0,0.042585466,0.09214393,0.25592107,0.17897548,-0.43606475,0.17298116,-0.22279777,0.016279124,-0.03857962,-0.1348477,-0.10041179,0.116099045,0.17472884,0.2841296,-0.18556044,0.36843407,-0.03723808,0.29317793,-0.23785484,-0.018950127,-0.036085024,0.05822841,0.03232154,0.06656877,-0.08501667,-0.19056872,-0.1726965,-0.08938362,-0.12072838,-0.6012314,-0.06328131,0.021355001,-0.059226688,-0.075684145,-0.43651184,-0.101141825,0.13906777,-0.21786682,0.26598388,-0.08230233,0.21739273,-0.09532381,0.029930562,-0.46770352,-0.21289034,0.25040206,-0.02565658,0.1213672,-0.07053032,-0.2958007,-0.83446765,-0.2702819,0.22414584,0.20571679,-0.12536043,-0.23070341,-0.7553842,-0.27200842,-0.7626051,0.38350832,-0.0048615974,0.23601112,-1.2096924,-0.215735
1,0.12930235,-1.0435033,-0.04663365,0.06962068,-0.24214424,-0.69568694,0.37546983,-0.73192877,0.032811183,0.31705984,-0.030347034,0.15895659,0.01833168,-0.05482039,0.020353043,0.30630445,-0.33447218,0.30185658,0.30603093,0.10674881,-0.39903578,0.11301298,0.16383293,-0.39408687,-0.14266984,0.19338432,0.2199268,0.4288306,0.0771303,-0.16223228,0.10256316,-0.030487716,-0.28976437,0.051815577,0.52838093,0.04283087,-0.06527861,-0.05224158,-1.2836138,-0.025332008,0.36049408,-0.18227558,0.56855184,0.10558759,-0.27198264,-0.23532747,-0.33549124,-0.09130977,0.25054517,-0.114565305,-0.13631046,-0.13861178,-0.26447016,0.10425028,-0.2353065,-0.6813962,-0.03670507,0.03581773,0.21873248,-0.20648395,-0.060943417,-0.38128144,0.48042652,-0.4331023
2,-0.07079967,0.25426978,0.04736729,0.017691769,-0.1987422,0.2592507,0.43696517,0.42176,0.16889769,0.5009909,0.03255392,-0.4089915,-0.38964406,0.174149,0.20408845,0.31904823,0.20356314,0.08630558,-0.16784869,-0.13768572,-0.46208283,0.29702488,0.1885584,-0.05153068,-0.27482212,-0.14629826,-0.25676918,0.6843757,-0.25604755,0.07326534,0.286672,-0.24418595,0.13690715,0.06222783,-0.03277689,-0.3477922,-0.30778563,0.5044632,0.29546648,-0.3575223,0.23645835,0.7122518,0.10429512,-0.18165158,0.060735773,0.31588554,0.2405392,-0.4018557,0.29208717,-0.35159218,0.3414184,-0.4809804,-0.07430554,-0.09413223,0.3410402,0.04057475,0.020713316,0.22855258,0.16490494,0.15958978,0.23173608,0.34466413,0.23442835,-0.25815946
3,-0.2566926,0.062222578,0.54262376,0.10850892,-0.11145564,-0.54594547,0.44810635,-0.12094684,-0.012563794,-0.828232,0.16923678,0.25435498,-0.40257332,-0.081846215,-0.123746224,-0.25721171,-0.09277916,-0.09915445,-0.023067476,-0.18074897,-0.16936904,0.24561022,0.13465765,0.10046167,0.2827997,-0.13891786,0.1904136,-0.013177744,0.12755594,0.2568939,0.18635127,-0.09302629,-0.30084026,0.13356262,0.02998831,0.029699301,0.27997512,-0.10173753,-0.19267194,0.42188448,-0.38158444,-0.3157659,0.3362808,-0.15478945,-0.15059525,-0.37770182,-1.2006416,0.1227174,0.26502168,-0.068203375,-0.5019019,-0.22038856,0.032941572,-0.20226642,-0.10542062,-0.19315803,0.11412656,0.0077309236,0.39026868,-0.43458265,0.0023757254,-0.47637597,0.43693188,-0.42454544
4,-0.577431,-0.03523772,0.20640838,-0.26788172,-0.2263195,0.15643896,-0.15086396,0.14714435,0.226387,0.11289596,0.17058522,0.39520812,-0.0720686,-0.33979943,0.07793353,-0.34808877,0.50343657,-0.11674464,0.25600305,0.36633486,0.1084012,0.04130889,0.14419156,-0.37714317,0.73040396,-0.33470684,0.1105366,0.575437,-0.6780422,0.17514594,0.080015674,0.29003865,0.3348397,0.032299872,-1.16472,-0.3545842,-0.032790717,0.07736398,-0.07359614,0.049152922,0.02161697,0.15237552,-0.11228257,-0.11564454,-0.22838105,-0.111893535,0.024887016,0.29544726,-0.50968915,0.3084845,-0.023478953,-0.26324064,-0.32956976,0.2186306,-0.1087947,-0.10305246,0.33758914,0.06362704,-0.17553258,0.2802821,0.05530047,0.3054782,0.048128482,-0.22789708
5,-0.13137951,-0.5302408,-0.015035157,0.28253514,-0.66648644,0.17188616,-0.21780857,-0.011128462,0.092777014,-0.0314106,0.09996166,0.19354862,0.056931537,0.17037146,-0.020851906,-0.12877019,-0.11724032,-0.19039084,-0.04984831,-0.06746756,0.11914417,-0.071696535,-0.1744952,-0.20305304,0.15945196,0.24643177,0.6377293,0.21505916,-0.7751625,0.40049517,-0.1416927,0.13528919,0.090054825,-0.19225626,-0.3102604,0.26930267,-0.23651734,-0.018779732,0.05304746,0.10233281,0.2860762,-0.13319533,-0.1672606,0.13880382,-1.2321744,-0.10235432,-0.80288476,-0.05783703,0.009619537,-0.36322102,0.103183396,0.13966112,0.38732794,-0.048089206,0.15096462,0.33479202,-0.38953838,-0.07729063,-0.23981537,-0.05134411,-0.08144007,-0.505286,-0.13588575,0.13785464
6,-0.01971175,0.019860238,-0.10040067,0.2232572,-0.6092387,0.16783229,0.14455238,0.29461297,0.4015207,0.34280783,0.21614079,-0.0966436,-0.093287416,0.073885545,0.07317196,-0.040663585,-0.22429368,0.12089176,0.13833669,0.22700605,-0.17853448,0.10048548,-0.098891094,0.23276828,-0.2369112,0.020264247,-0.023471214,0.47311646,0.114760526,0.30869868,0.057985485,-0.55025744,-0.18570828,-0.20479864,0.17295957,0.08723693,-1.2520719,0.16864154,0.28477916,0.21025468,0.24148989,0.42710626,0.17238662,0.22132957,-0.5877408,0.4097859,-0.39100987,0.42820582,0.018626437,-0.30989558,0.032505732,-0.2288131,0.28254554,0.24848486,-0.16217032,-0.10960633,-0.4126019,-0.10692694,-0.08463763,0.407069,0.20359962,-0.4082619,0.07537506,0.26240808
7,-0.31089368,0.13541284,0.1905771,0.47018248,-0.31421882,-0.092733786,-0.2558757,0.00018774327,-0.25734714,-0.25783092,-0.07017628,0.2027569,-0.32052276,0.37521377,0.05433151,0.16468588,-0.21849562,0.37267494,-0.00070297427,-0.18647224,-0.058001716,-0.40713033,-0.30142662,0.12188419,0.10525924,-0.11146535,-0.275457,0.59597796,-0.27846974,0.2910119,-0.24848291,-0.44343147,-0.041921988,-0.53863525,-0.382494,-0.1654153,0.13925871,-0.030367423,-0.09983547,-0.21033794,0.23415633,0.2112949,-0.14469683,0.23649067,-0.120548725,0.2336865,-0.09776962,-0.30311576,0.4955418,-0.6264025,0.082123965,0.1253337,0.08055325,0.021039883,-0.01321676,0.03822973,-0.41220224,0.18585892,-0.6682525,0.6780145,-0.1751416,0.05456445,-0.0794303,-0.1510404
8,-0.24772444,0.023698987,0.12842913,0.2235117,-0.17546737,0.3243184,-1.0387444,-0.14958584,0.016752576,-0.041129038,-0.5210406,0.20267363,-0.1882377,0.09614519,-0.28597552,0.20593378,-0.06457735,0.106028505,-0.016118811,-0.29665786,0.22544885,0.21113491,0.21590091,0.2672753,0.11346414,0.16538773,0.2535503,-0.0024888958,-0.39307764,0.07850857,-0.33309013,0.1398294,-0.21980579,0.12972434,-0.41671047,0.022590287,0.3257602,-0.03989568,-0.277547,-0.69919103,0.23721047,0.21517514,-0.21139148,-0.10151335,0.065746136,-0.09478933,0.019710463,-0.75571775,0.09897279,-0.4027165,0.33062184,-0.059613876,0.151873,-0.021351751,0.19995126,0.19352219,-0.45597517,0.18898691,-0.15909691,-0.067044735,0.07445375,0.2088231,-0.7141588,0.18532816
9,-0.15982641,0.001292807,0.36940134,-0.18222746,0.29088643,0.089021765,-0.6134763,-0.025489027,-0.43620297,0.07074693,-0.956418,0.29983875,-0.065083936,-0.36890307,-0.42693317,0.19462131,0.15126851,-0.007091574,0.06468834,0.23860945,0.039943226,0.33133382,0.46727017,0.026937203,0.043098964,-0.06965173,0.17585737,0.09556328,0.35454157,0.25535727,0.03425141,0.40386698,-0.6427888,0.3766277,-0.25809765,0.1450972,0.28618294,0.086837,-0.13610764,0.14242724,-0.6317679,0.45626554,0.026371373,-0.027067514,0.56371397,0.23965819,0.03693399,-0.73978615,-0.07501894,-0.16713502,0.08962171,0.21204607,-0.050147586,0.24738206,-0.32770407,-0.2717686,0.32928672,0.021859968,0.52755314,-0.2192376,0.46834612,-0.22743618,-0.2719752,0.17156586
10,-0.5858967,0.14964168,0.25801307,0.22975618,-0.089756295,-0.0708518,0.36158437,-0.102346905,-0.21870886,-0.3219194,-0.3034001,0.13760473,0.03386819,0.007817296,-0.22355287,-0.026736587,-0.4122688,-0.068153374,-0.3534777,0.14273363,-0.13236387,0.4312942,0.2557375,-0.008318665,0.19993764,-0.27976373,0.24527232,-0.38841096,-0.282122,0.39376256,0.21716884,-0.07918351,-0.35715604,0.2678306,0.084731795,-0.034911986,0.20751621,-0.010654851,0.21683238,0.44406265,-0.16564061,-0.22953178,0.56551766,-0.1597659,-0.14770842,-0.23714763,-0.9981786,-0.3614178,0.42645922,-0.102752775,-0.38372135,0.44152373,0.012882511,0.25254515,-0.20901605,-0.0056144777,0.3627137,-0.38776934,0.5516411,-0.3010032,0.26095486,-0.6877145,0.28186706,-0.2257153
11,0.079070345,-0.05654107,0.49810332,0.24227658,-0.018803716,0.06394025,-0.61426234,0.2894555,-0.11242225,-0.22036491,0.39494228,-0.18989098,-0.16740762,0.35109463,-0.080777824,0.2515066,-0.26271543,-0.42825967,-0.67322135,-0.17260712,0.8045761,-0.0025796536,-0.11579422,0.2771067,-0.09125053,0.049204748,-0.0052162013,0.17235366,-0.27499288,-0.35421175,-0.31027964,0.029924538,-0.18303384,0.27190498,-0.016967118,-0.09086899,0.08365672,-0.12821795,0.43449405,-0.886134,0.015192936,0.017671205,0.052985966,-0.5125252,0.12798859,0.17717914,0.19637755,-0.5365588,0.3561595,-0.3154008,0.15041406,-0.13734622,0.22431028,-0.3943962,0.21824574,-0.07507014,-0.49186927,-0.673474,-0.09750125,0.44667166,0.25377595,0.32775807,-0.3982124,-0.26030162
12,-0.05936851,0.1667732,-0.108965725,0.15687111,-0.18169987,0.41592863,-0.03607461,-0.08124249,0.33415145,0.1558377,-0.13440032,0.3297358,-0.18364854,0.04665314,-0.08150496,0.303602,0.22130582,0.1514484,-0.10118667,-0.4881451,0.4435234,-0.0150717655,-0.058997728,0.50625306,-0.36342853,0.052709382,0.29416016,0.2829114,-0.046595734,0.49997634,0.23582679,-0.13195485,-0.0545122,-0.0183645,-0.21477745,-0.0038888457,-0.18795405,0.071559,0.016610485,-0.18435839,0.555035,0.33573017,0.3040207,0.027813435,0.064476214,0.47669575,-0.08906632,-0.35350636,-0.06479702,-0.69156283,0.3042138,0.009515314,0.7143797,0.1522199,0.15925352,0.049967095,-0.09092386,0.12476619,-0.16767351,-0.3875561,0.09456671,0.07212275,0.09016832,0.14626893
13,-0.026733492,-0.7228104,-0.4865906,0.12035079,-0.6108471,-0.07252816,0.25887856,-0.115052745,-0.05454242,0.3749283,-0.045108665,0.22795764,0.06760048,0.09073716,-0.513444,0.25490057,-0.24107698,0.061190266,0.6363732,0.16489233,-0.27527404,-0.32381895,-0.3956037,-0.240693,-0.13653034,0.20179364,0.15626097,0.043643236,-0.13267766,-0.40421182,0.08512394,0.5198733,-0.028885806,-0.2928275,0.058012854,-0.028091416,0.2914145,-0.030938243,-0.3537095,0.21244131,0.4726919,0.104976505,0.04978894,-0.0027788782,-0.48841056,-0.21126758,-0.18379769,-0.12282563,-0.2063763,-0.11492202,-0.50776494,0.24373797,0.5396994,0.1090458,-0.024696773,0.07926864,0.0113759395,-0.053235237,0.11144492,0.034402452,-0.059969567,-0.2885526,-0.12453011,-0.26495847
14,0.047837995,-0.14612442,0.1477133,0.150912,-0.111982405,-0.18258956,0.6557256,-0.29731214,0.26229867,-0.19152573,0.06047681,0.24160548,-0.0860472,0.05470548,0.082114086,-0.019891212,-0.38936773,0.120127715,0.26508403,0.33441234,-0.4338605,0.30016378,0.15913211,-0.045595407,0.046210825,0.024482427,-0.019018501,0.3922583,-0.0038788142,-0.32936025,0.35223258,-0.17006752,-0.09300561,0.15245704,0.27198473,-0.09786511,-0.17021494,-0.18353727,-0.2358982,0.06447075,-0.10948248,-0.19973683,0.52678496,-0.12727478,-0.088213354,-0.37861836,-1.0971175,0.08303547,0.27875814,-0.12908101,-0.6969767,-0.19278485,-0.18509007,0.112822466,-0.7094545,-0.3187133,0.276707,-0.09816501,0.32262132,0.262152,0.019384077,-0.5610542,0.7985977,-0.59665203
15,-0.27101222,0.03272989,0.13212769,0.099394105,-0.14103568,-0.44689238,-0.1649815,-0.0026519203,0.12620646,-0.24123636,0.079178914,-0.10580523,-0.41423982,0.016310297,0.02552481,0.1017858,-0.2822238,0.124553196,0.025950544,-0.38634926,0.3239542,0.7862074,0.8043535,0.3922359,-0.26601997,-0.10590174,-0.23056003,-0.16881111,-0.47527614,-0.14294623,-0.026997251,-0.23453376,-0.09300153,0.8782526,-0.9252074,-0.28204748,-0.17187,-0.1276169,-0.39739206,-0.26142436,0.11755646,-0.35720983,-0.10052891,-0.66497606,0.0825145,-0.031299047,-0.32889357,-0.17123254,-0.0061674146,-0.081041135,-0.35514924,-0.11602925,0.0687369,0.10486099,0.16760382,0.014598055,0.068473406,-0.13865238,-0.10536029,-0.06935668,0.6102546,-0.623582,-0.1466099,-0.442701
16,0.0008917064,-0.022485657,0.3224228,-0.19450712,0.22374451,0.06107775,-0.2994181,0.13464661,-0.0066532316,-0.3134239,-0.15708022,0.15116878,-0.05197982,-0.023449805,-0.16959028,0.26846525,-0.23616968,0.32640827,-0.6555494,0.3048215,0.39637685,-0.01133106,-0.11010046,0.007821052,0.47960556,-0.13247761,-0.26860148,0.094322845,0.038138047,-0.008276541,0.022530703,0.26063293,-0.7028806,-0.07066359,-0.010374827,-0.27669597,0.119652025,-0.24200603,0.051585797,-0.43073618,-0.26412356,-0.52660835,-0.23545586,-0.08261702,0.09024442,-0.0857411,0.012851719,-0.26126343,0.31689435,-0.01347254,0.28434554,0.053119324,-0.5228981,-0.12791187,0.021130465,-0.30800617,0.5330183,-0.15672377,0.15124294,0.1867644,0.2431757,0.16032079,0.06471801,-0.38133755
17,-0.21646675,0.066901416,0.2744098,0.0025907445,-0.30857557,-0.16214983,0.0806093,-0.071122505,-0.32234055,0.053700585,-0.5394478,0.10474427,-0.061764456,-0.7206441,-0.5619713,0.23605451,-0.11075457,0.11557509,-0.40588728,-0.043528423,-0.5900567,0.42987028,0.30034527,0.655899,0.5473502,-0.13586642,-0.08083145,-0.55800176,0.05811333,0.21596633,0.06896432,0.6030133,-0.35335758,0.37115544,0.13017353,-0.30930045,0.6564427,0.18694213,-0.19868459,0.40927666,-0.6201835,0.13650301,0.30773604,-0.11758672,0.061713353,0.39812338,-0.10566088,0.023850003,-0.2626516,-0.18025252,-0.27498227,0.33722547,-0.3443596,0.0667612,-0.37839028,0.057042036,0.62626845,-0.1335962,0.1124635,-0.13303088,0.3595736,-0.07664484,0.052736312,0.11194459
18,0.24346703,0.00057019753,-0.010859157,0.2591016,-0.6531401,0.25943628,-0.08275687,0.28059217,-0.2864641,0.26233074,-0.047538005,-0.11540879,0.26655954,0.37309164,0.16041975,0.04972397,0.13014692,-0.036206238,-0.3030037,-0.11512998,-0.013032297,-0.1293373,-0.20447595,0.3221104,0.011291647,-0.11656594,-0.22836152,-0.15094641,0.16158351,0.057894617,-0.05114747,-0.19061066,-0.5929405,-0.19473067,0.16544504,0.000270675,0.107115805,0.2313811,-0.0603497,-0.018058008,0.39993727,0.1765925,0.0574443,0.10706969,-0.2679638,0.27344987,-0.17066711,0.20122983,0.24875173,-0.35337925,-0.16051823,0.091216356,0.15393844,-0.059005585,-0.30891404,0.40753138,-1.0256977,-0.013624681,-0.5569156,0.3205165,0.010911276,-0.013732824,-0.5469314,0.34446317
19,-0.039308876,-0.35419762,-0.15298013,0.33848953,-0.6837235,-0.11747826,0.13087313,0.14404792,0.20024595,-0.0663439,0.41400096,0.39297482,0.22813633,0.30210263,0.014403558,-0.08508697,0.0024555966,-0.078986816,0.25322443,-0.09361157,0.3685771,0.03065482,-0.016031042,0.098825,-0.31358564,-0.19498332,-0.010046578,0.029610727,-0.2350305,-0.043359037,0.041400183,0.1475462,0.016618391,0.11933822,0.0034840123,-0.09917963,-0.5459227,0.17484385,-0.016186913,-0.17943996,0.3620764,-0.18558948,-0.0707144,0.34903443,-0.9314976,-0.29373702,-0.26252922,0.039561335,-0.12452303,-0.08865427,-0.40977588,0.17626253,0.6494318,-0.23695384,0.019814799,-0.01445644,-0.19528154,-0.114869855,-0.2790408,0.12055025,0.14237209,-0.7105711,-0.35930592,-0.03684554
20,-0.024630968,0.7501715,0.0909163,-0.042849872,-0.37572226,0.09634526,0.2789052,0.5327875,-0.0020552867,-0.108172454,0.37037295,0.06709748,-0.09960372,0.7489467,0.22221284,-0.0044008666,0.020439636,0.43891567,0.1478116,0.40178293,-0.32768756,0.10960199,0.10077987,0.17269798,-0.06302159,-0.27916682,-0.18648209,0.21349972,-0.18794607,-0.17966555,-0.08950467,-0.2563178,0.18566567,0.12896766,-0.40029752,-0.35384986,-0.11991015,-0.094006926,0.6890824,-0.03848941,0.31087464,0.11536514,0.28070047,-0.23305577,-0.31447145,0.1232748,0.07544961,0.19764423,0.10078933,-0.12733468,-0.5437301,-0.38558766,0.19145869,0.3470367,0.19368826,0.5435983,-0.21323608,0.03746081,0.088301934,0.2338426,0.20777546,0.00038458518,0.093497664,-0.198376
21,0.14696652,0.013474058,-0.79374367,-0.24628066,0.027558817,0.59851795,0.081611596,-0.027819764,0.32844746,0.21812648,-0.37678197,-0.20836042,-0.22091465,-0.7261283,-0.14923233,0.16348954,-0.082866356,0.15541291,0.20454034,0.16565727,-0.67754394,0.0029457281,-0.06494035,0.1895022,-0.17726147,0.21901157,0.20608334,0.30379292,0.30886936,0.3013629,0.056825876,-0.14603782,-0.16525309,-0.18458055,0.19961442,-0.2930712,-0.16792746,0.21249115,0.02143113,0.5936043,0.117167756,0.35333192,-0.07791377,-0.015847767,-0.04997566,0.40801883,0.23809102,0.26536998,-0.7994738,0.14119208,0.20889318,0.12859733,0.7453529,0.18213181,-0.31631595,-0.014288283,-0.3343445,0.039286736,-0.12816715,-0.24946873,-0.17696719,0.22839573,-0.12584917,0.21233714
22,-0.24269144,0.23865299,-0.37129015,-0.1890653,-0.21974055,0.13634442,-0.10817408,0.023575764,-0.24537836,0.14590979,-0.072575785,-0.2627019,0.048256874,0.017034894,0.09060021,-0.11466292,0.19530943,0.064986676,-0.5472549,-0.5117017,-0.2537461,-0.045408417,0.054171484,0.062995724,-1.1516167,-0.018587263,-0.908591,-0.22852322,-0.20292267,-0.03989772,-0.0547022,-0.8266794,0.11771285,0.028646486,-0.09381084,-0.16183974,-0.5116789,0.13452168,-0.08287561,0.22289358,0.11581009,0.33637872,0.20893376,0.10440182,-0.17452994,0.26507255,0.4605428,0.26231718,-0.08105887,-0.4097884,-0.19971311,-0.3038616,0.038627256,0.18809465,0.068934485,0.5407387,-0.34390563,-0.0673926,-0.025732618,-0.22823519,0.038939364,-0.09766809,-0.3852895,-0.13766764
23,0.061536506,0.07502065,0.28340456,-0.62328935,-0.2648828,-0.18149121,0.5177501,-0.19152962,0.11174017,-0.3711289,0.49225304,0.1258067,-0.12863389,-0.35195795,-0.04108918,-0.19655052,0.35920355,-0.19017358,-0.20647378,0.21522354,-0.05521307,0.391391,0.3173186,0.2865304,0.25691128,-0.333515,0.36967412,0.0068042967,-0.05086114,-0.23717356,-0.036333635,0.1247044,0.05074151,0.45531407,-0.43507496,-0.3856845,-0.038514897,-0.059591852,0.11805928,-0.28825408,-0.23865724,-0.21153454,0.38647982,-0.15055893,-0.14013198,-0.110840656,-0.53776073,0.2706479,-0.6103977,-0.107850894,-0.590867,-0.30576494,-0.12386375,0.26201937,0.07612109,-0.15770184,0.26419723,0.15710905,-0.06056563,-0.24357583,0.17238003,-0.21372615,0.39038393,0.11969049
24,-0.11470808,0.22296667,-0.19627292,-0.5283043,-0.21849777,-0.11979173,0.62740594,0.14425592,0.5120302,0.37573653,0.6369165,0.30091026,0.067171164,-0.74288386,-0.3532934,0.14183795,0.06706237,-0.19246922,0.03486415,0.18299471,0.1822638,-0.008044294,0.29106027,0.10008709,0.36741918,-0.48727056,0.30327126,0.14645456,-0.105465725,0.1530361,0.27103165,-0.069410294,-0.20101617,-0.023788212,-0.06347847,-0.8360955,-0.39180177,0.06381473,-0.082233354,0.5935711,0.050236434,0.26096642,0.18978406,0.6138141,-0.21650316,0.2577933,-0.20130065,0.7998357,-0.31214395,-0.09460314,-0.2667973,0.13937363,0.30082953,0.04335764,-0.39938504,0.006557349,-0.25583854,-0.1599248,-0.15002447,-0.03734029,0.043809436,-0.23628719,0.268047,-0.35606816
25,0.09469878,0.24666974,-0.03919662,0.15374385,0.098464444,0.35081354,-0.29126897,0.33112907,-0.02671391,0.46724936,-0.23434079,-0.4937686,-0.31115505,0.5585713,0.059336666,0.27807176,0.07200985,-0.037761427,-1.4311942,0.21826859,-0.12826486,-0.043389697,0.10592979,-0.23787536,-0.15088187,0.046133768,-0.11505854,0.1653348,0.35605016,0.1895899,0.05573335,-0.11226236,-0.20305231,0.083723776,0.42197603,0.07853753,0.15224323,0.34513646,0.32351187,-0.23842196,-0.25524122,0.2888408,-0.13688053,-0.27043617,0.015068141,-0.10809814,0.3601468,-0.5918665,0.41482112,-0.08453817,0.391066,-0.42214027,-0.32781383,-0.16974585,0.0052784,-0.25541997,-0.5210197,0.030439124,0.21728449,0.42558664,-0.026702082,0.576529,-0.15668042,0.14003387
26,0.87163544,-0.053264555,-0.45516893,-0.07965229,-0.027103906,0.45420906,0.20727412,0.077226475,0.003754058,0.26482108,0.106100835,-0.21842283,-0.002497253,0.17090183,-0.037992194,0.29986182,-0.74077296,0.23873886,-0.059040654,-0.17477672,0.180372,-0.4246087,-0.55893797,-0.055002384,0.17238992,-0.0030589914,-0.21948504,-0.20003758,0.6716849,-0.07825834,-0.40752634,-0.6141499,0.080906585,-0.56478596,0.84551954,-0.19313304,-0.003604767,0.18020667,0.4763328,0.2443322,0.2742285,0.12390413,0.3543179,0.08147264,-0.048363592,0.25033775,0.41742632,0.5477313,0.036118638,-0.10891501,-0.3304009,0.10343801,0.5184585,-0.002188189,-0.22946043,-0.30253386,0.05525275,-0.40486118,0.06625036,-0.2065294,-0.23090973,-0.1739552,0.13659453,-0.45718333
27,0.36222184,0.45398527,-0.18701053,-0.13736348,-0.5358046,0.65048736,0.30252868,0.2514517,0.05383055,-0.038803875,0.71438426,0.059947405,-0.02419951,0.24094194,0.186631,-0.016243208,0.03267376,-0.07461164,-0.5898949,0.33251765,-0.25143892,-0.38071978,-0.36448523,0.12648618,0.09620767,-0.0611037,0.1675688,0.38694236,0.32563317,0.027289994,-0.13295865,-0.32131597,0.1605978,-0.29363436,0.047826078,-0.32209665,-0.28350097,-0.061719004,0.5980233,-0.11040589,0.08109026,0.352674,0.17309523,-0.21063843,-0.018675892,0.22157797,0.08462309,0.3810551,-0.17327438,0.07769878,-0.31109837,-0.18580359,0.12696639,0.07689968,-0.08215074,-0.25948083,-0.6267519,0.09130608,-0.33319843,0.20836082,-0.41757143,0.0952466,0.1184064,0.010319659
28,0.44920313,-0.07131118,-0.024336241,0.032603357,-0.11567656,0.18665318,-0.019492796,0.036118183,-0.09950143,-0.32029063,-0.331084,0.17715691,0.20094869,0.2324702,-0.22188,0.32471442,-0.34539616,0.6639347,-0.09464312,0.17089528,-0.54535383,0.32012036,0.20130232,0.25108007,0.25933596,0.18304582,0.25963202,-0.22947206,-0.325497,-0.033120085,-0.15280959,0.5052357,0.007167662,0.20934305,0.05792686,-0.07544894,0.53669,-0.012282343,-0.06244964,-0.40268505,-0.16316791,-0.3974066,0.56308997,-0.5197811,0.115414724,-0.041108496,-0.011424807,-0.85263634,0.18053433,0.03895793,-0.34156623,0.03615677,-0.2332689,0.35818315,0.23313114,-0.3351158,0.57344496,-0.05964534,0.42259866,-0.09774632,0.13272801,-0.21067004,0.0050607617,-0.2107458
29,0.19847558,0.4331078,0.07029136,-0.3180727,-0.004504408,0.27376387,-0.16422626,0.32557005,0.13164133,-0.07747957,0.41169444,0.5820197,-0.14476629,-0.09147306,-0.47111383,0.75215346,0.27695033,-0.21946838,-0.20737527,0.7409662,0.53882205,-0.06946971,0.017720226,0.30326194,0.5925868,-0.07976046,-0.14200877,0.1438908,0.1601861,-0.18562861,0.078980505,0.26195806,-0.5107115,-0.13072509,0.1953653,-0.16529012,-0.17178945,-0.06593986,0.2942751,-0.36218718,-0.12588252,-0.25223967,-0.14495666,0.12623861,0.1743057,0.7230744,-0.64292806,0.48769742,-0.1241719,-0.46968845,-0.04325766,-0.05213412,0.020429078,0.17130108,-0.2627328,0.22345947,0.200715,-0.36264005,0.29420778,0.23010805,0.12559864,-0.04244664,0.41541788,-0.3278208
30,-0.028089369,-0.047329534,-0.10067329,-0.118649594,-0.2370316,0.023131171,0.04978655,0.17005946,0.66692376,0.23260972,0.14305541,0.086755686,-0.22487631,0.06875553,-0.37803262,0.21291345,0.09013128,-0.1584204,-0.027917368,0.28924373,0.40951765,0.3985046,0.572623,0.6178124,-0.16024172,-0.25836548,-0.08666614,0.10740607,0.059156887,-0.33038753,0.45301867,-0.43053,0.08820004,0.3827978,0.01988706,-0.16283478,-0.44993746,0.50552106,0.16304028,-0.07089284,-0.24502194,0.1321567,0.58401924,-0.2510835,-0.007480833,0.07353725,0.17319156,0.47502473,-0.38329896,-0.111883044,-0.17270653,-0.3855725,0.36548364,0.15075055,-0.26162076,0.029212335,0.1632136,0.049477287,0.031685807,-0.14877258,0.095780216,0.20257294,0.26647544,-0.14151333
31,0.084604375,0.4979271,0.28705806,-0.1818548,-0.23080121,0.23904356,-0.12498168,0.21230039,-0.11719078,0.2945918,0.020972675,0.20018236,-0.31687087,0.09867531,-0.37043953,0.62844795,-0.3910082,0.29787368,-0.33171716,0.10343565,0.31104213,0.1947701,0.050020937,0.18542983,-0.06722353,-0.27931893,0.023079632,-0.15953948,-0.010575934,-0.27184018,0.15720817,-0.60096383,-0.010803535,0.17515801,-0.025798399,-0.386813,-0.25619587,0.16123037,0.7526658,-0.10960912,0.45989817,0.51552033,-0.020770824,-0.14887057,0.1539706,0.51544684,-0.024529004,-0.21137676,0.08014099,-0.620111,0.1272729,-0.16864981,0.62970895,0.055698887,0.04366352,0.31633505,-0.3317336,-0.3612821,-0.09510933,0.0059487214,0.24799946,-0.11974672,-0.031418893,-0.6075351
32,-0.14093262,0.04229356,-0.030373638,0.043629963,0.038738478,0.2782003,-0.5724896,0.19772612,0.426781,0.3145129,-0.039872255,0.40564653,0.02722985,-0.12902837,-0.24493577,0.33983275,0.08963517,-0.3388214,0.109730884,0.48006502,0.5660013,0.18624103,0.0716297,0.20163988,-0.007773473,-0.125223,-0.12246448,0.15868668,0.17497632,-0.114301704,0.6802353,0.20609514,-0.10953583,0.19105889,0.192656,0.040363297,0.15729852,0.24875762,0.40309745,-0.22763132,0.14398405,0.44276923,-0.09906256,-0.17938027,0.15983588,0.49235725,0.29087517,-0.042236414,-0.06272834,-0.30131468,0.5798193,0.24440454,0.6947879,-0.044250306,-0.4301892,0.09166103,-0.16539195,-0.43769854,0.05633715,0.18589035,0.31772137,0.38731766,-0.16316155,-0.2555793
33,-0.36830643,-0.85396594,0.07821312,0.22526798,-0.052862097,-0.59920704,-0.017898336,-0.15373954,0.051362004,-0.09955631,-0.08491346,-0.07840283,-0.30669773,0.070223466,-0.069544226,-0.109468825,0.17853145,-0.22617677,-0.14254715,-0.6582529,0.26300183,0.45017415,0.6069326,0.20409799,0.09913206,-0.16407895,-0.4078987,-0.22151677,0.17491755,0.09121278,-0.0067823837,-0.6463517,-0.4413107,0.5788981,0.14930502,0.25805542,-0.13344908,0.20051949,-0.893485,-0.091785505,-0.077297084,-0.05353167,0.42077675,0.073652655,0.059741363,-0.10937405,0.06861255,-0.06081709,0.24455233,-0.16246115,0.1358944,0.017667009,-0.31573927,-0.31851044,-0.62538636,-0.4826741,-0.0041209403,0.08791512,-0.06351206,0.036419954,0.30719513,0.06884342,0.0092065735,-0.4757289
34,0.20375706,0.050695393,0.69224703,0.14168102,0.0073500965,0.17327774,-0.23125012,0.48411897,-0.1400158,0.1320589,0.07566558,0.027254514,-0.13741408,0.38179886,-0.09962413,0.4356142,0.034376163,0.06290335,-1.2074792,0.18452029,0.14078787,0.11792362,0.096856,0.004810587,0.13421924,-0.15649109,-0.39673823,0.36209148,0.32924587,0.04761346,-0.09249453,-0.31248415,-0.1514928,0.062708214,0.2830716,-0.18758509,0.14694946,0.3041902,0.31597897,-0.47376078,0.18485242,-0.1296668,-0.116120405,-0.09014527,0.13638279,0.39670846,0.085314155,-0.3402565,0.4167912,-0.42006466,0.47513807,-0.15789117,-0.25065464,-0.1975782,0.0045399233,0.063489184,-0.32799315,-0.19651227,-0.07115339,0.45614123,0.39431244,0.5462061,-0.002202167,0.1223484
35,-0.012101428,-0.21344347,-0.05752435,-0.058136977,-0.29103783,0.021746708,0.3048979,-0.18063292,0.21647656,0.03428772,0.0338109,0.09091694,0.1270582,0.23835018,-0.20218556,-0.15025719,-0.43800676,0.4405624,0.21082154,-0.20974012,-0.49682674,-0.31799462,-0.18116914,-0.1059801,0.2547723,0.28052503,0.75039065,0.391939,-0.41008207,-0.17134048,0.048211284,0.61554766,0.27695096,-0.24625312,-0.2513904,-0.20411466,0.16068663,-0.15674324,-0.28614965,0.17104565,0.1723028,0.050164033,0.4507538,-0.07469572,-0.65553516,-0.20237818,-0.112809256,-0.011261629,-0.0727638,0.08399407,-0.6437358,-0.09801904,0.51961994,0.7567715,-0.11250521,0.013473401,0.050644264,-0.099790476,-0.028375518,-0.04335518,-0.1265419,-0.2284222,0.19057429,0.22812176
36,0.20564818,0.3595323,0.3602052,0.069820225,-0.123997234,0.5239535,0.06973365,0.55101174,0.107744195,0.091882676,0.17807838,-0.13998523,-0.03368005,0.45397812,0.37315178,0.32605615,-0.5977364,-0.050490953,-0.55653316,0.12102096,-0.07611734,-0.2918148,-0.29100776,-0.32398885,0.26738217,-0.19945136,-0.41551083,0.24129102,0.018809233,0.23846959,-0.11739841,-0.14756382,0.18470772,-0.20298041,0.038222704,-0.5965902,-0.008957887,0.21989049,0.69958806,0.04921026,0.034890942,0.21309921,-0.64258885,-0.22687148,-0.15654509,0.0062844837,0.32040337,-0.2816414,0.35460377,-0.32881856,-0.23791835,0.19925377,-0.40840402,-0.17678407,0.45058933,-0.21320271,-0.04585822,-0.3997559,0.18941855,0.26839757,0.20238131,-0.027701875,0.08990996,-0.7406889
37,-0.05219002,-0.075766504,0.23410381,0.5246488,-0.43317878,0.117476664,-0.036746427,0.15932511,0.41869774,-0.073869914,-0.07011327,-0.40403658,-0.24607344,0.28633943,0.1688663,-0.006364689,0.12738939,-0.09058615,-0.27990112,-0.013520355,-0.114660695,0.15213387,0.07930866,0.18988085,0.00012676817,-0.38922977,-0.36064428,0.3068588,-0.12031219,0.16946495,0.13114083,-0.661135,0.1998668,0.24376522,-0.4250931,0.15483679,-0.3386624,0.27305138,0.21082442,0.010171328,-0.085087806,-0.020378754,0.03178355,0.017288132,-0.39206576,-0.07885587,0.12345417,0.36927536,0.31488645,0.03327769,-0.0070566204,-0.40742186,-0.35149956,0.18936312,-0.49436447,0.04107505,-0.8038041,-0.31162527,-0.6876814,0.5610098,-0.05322374,0.12682635,-0.0073942887,-0.010003462
38,0.077801876,0.045056637,0.21980554,0.393788,-0.17842886,-0.040612653,-0.51634216,0.19314636,-0.13710779,0.023411015,-0.24554552,-0.14696783,-0.15246397,0.12960048,0.117891684,0.06277189,0.27140978,0.37793386,-0.051395554,-0.35295767,0.07134375,0.22625834,0.21969876,0.23362164,-0.16048688,-0.28399336,0.08764783,-0.06410882,-0.3180014,-0.11298085,-0.2957757,-0.24236493,-0.08198421,0.12329236,-0.32823566,0.021746764,0.31763175,0.3061657,-0.17911904,-0.33551887,0.31846964,-0.017544582,0.13068137,-0.12629905,0.054164924,0.2926273,0.0019783026,-0.07829171,0.28317907,-0.47195143,-0.28358656,-0.0060325917,0.06586522,-0.048429392,0.056052156,0.078098536,-0.89747477,-0.2232241,-0.58947974,0.43258968,0.25056908,-0.13792655,-1.0460696,0.11675734
39,-0.62333274,0.034528445,0.41724336,0.3386756,-0.10464483,-0.11761776,-0.2571182,-0.09758863,0.18117356,0.3842071,-0.09908492,-0.24565987,-0.24097438,-0.023212789,-0.1857889,0.122960806,0.10704045,-0.6701977,0.19143851,-0.2677279,0.23529525,0.353157,0.4238325,0.26625872,-0.3267005,-0.34427688,0.03600709,0.27627397,-0.0016279642,0.4030475,0.30000845,-0.44011194,-0.3460774,0.5238856,0.16842614,0.47760862,-0.1751199,0.028127868,-0.23377931,-0.13576916,0.22700831,-0.031812865,0.20529194,0.22834787,0.055305127,0.065531194,0.099071704,-0.059062213,0.30740538,-0.37276098,0.2348942,0.3147332,0.19115101,-0.39214975,-0.38340414,-0.23954763,-0.014712513,0.021251092,0.14327514,0.49316394,0.24363957,0.25322428,-0.062212657,0.27599946
40,-0.17253396,-0.17345643,-0.21624282,0.25163904,0.1442184,-0.005772081,-0.47294602,-0.13228314,-0.17256783,0.037867654,-0.3058948,0.5433899,0.17258374,-0.108518295,0.16316772,0.42147353,-0.24641168,0.44667944,-0.045995552,0.5953538,0.27067024,0.2546343,0.15395819,0.24517928,0.1680592,0.5245806,0.58842754,-0.3282893,0.19183578,-0.21915528,-0.1766279,0.69883853,-0.05643454,0.2762195,-0.27043042,0.070113376,0.30849314,-0.11245377,-0.089871965,-0.008110655,0.1441463,0.17314251,-0.2035234,-0.5010905,0.20785725,-0.0663274,0.33854792,-0.8877219,0.380842,-0.14201134,-0.38793075,0.46058467,0.08369336,0.30123878,-0.32098866,-0.28159058,0.36739415,-0.1294172,0.40858582,-0.12048344,0.17343014,-0.35092562,-0.08328082,-0.019663265
41,-0.19184294,-0.09750524,0.46757242,0.2866765,0.38936305,0.30011043,-0.5159542,0.2544825,0.012488894,-0.1459034,-0.10718969,-0.043766424,0.12333943,-0.46659556,0.14320935,0.3047261,0.34867358,-0.1055531,-0.12792654,0.8277856,0.3004856,0.1910079,0.12909721,0.21683492,0.23326701,-0.5492946,-0.046052292,-0.22035591,-0.093276314,0.30064556,0.11835906,0.02486593,-0.57810014,0.19051702,-0.13345934,0.16776282,-0.015165392,0.13073532,-0.053912785,-0.18769364,-0.44991997,-0.09806872,-0.15594323,0.009967633,0.32696456,0.62142783,-0.1130254,0.22588855,0.09832087,-0.14629163,0.112841934,0.8666606,-0.043399647,-0.11270189,-0.07996162,-0.11977289,0.3648621,-0.63056386,0.0012337462,0.5465865,0.39487284,-0.32829472,-0.1934792,-0.04315761
42,0.13040946,0.0074765943,-0.14085537,0.39935198,-0.04610967,-0.033868477,-0.18626094,0.12963124,-0.035735145,0.045204517,0.07057898,0.33410454,0.23080066,0.03612224,0.3455002,0.15328199,0.2300372,0.40458828,-0.0052149575,0.118284106,0.0688238,-0.06759325,-0.04665925,0.06517422,-0.23118477,0.0034191615,-0.49409088,-0.058212813,-0.043717768,0.19383165,-0.033891607,-0.27838403,-0.14064994,-0.08150617,0.41626382,0.19867028,-0.8234197,-0.29749504,0.14282975,-0.37025028,0.007074855,-0.01633576,-0.35858288,0.5345779,-0.022504687,0.37301734,-0.5767588,0.22221771,0.46426138,-0.23550563,0.5421189,0.45004907,-0.24933456,-0.07588072,-0.43315393,-0.06688472,0.174683,0.19012062,0.21485387,0.01881869,-0.20392594,-0.7695214,-0.03519455,-0.2576733
43,0.53007585,-0.0042989636,0.05103818,-0.20097192,-0.031488184,0.37245256,-0.059026722,0.15786198,0.045631755,0.38883832,0.26589158,0.24163137,-0.013535313,-0.043986786,-0.3494606,0.92390406,0.17671292,0.6790645,-0.2887893,-0.0007286665,0.31194875,0.036893066,-0.13009119,0.34858105,-0.23236255,0.09095621,-0.031103728,0.09733602,0.39014462,-0.8375233,0.09307234,-0.011901333,-0.65703565,0.05099657,0.5400286,-0.2970559,-0.2616327,0.030890727,0.008974052,-0.13026647,0.21038267,0.31356683,0.0020440666,-0.071898654,0.3852901,0.8206657,-0.28070658,0.2614836,-0.20682774,-0.40763375,0.0229172,0.13125437,0.22718208,0.35850513,-0.084905826,0.17940746,-0.07911937,-0.061539743,0.10759779,0.17475948,-0.08560529,-0.30126897,-0.0745586,0.26244605
44,0.23961219,-1.0312952,-0.34201175,0.25557712,-0.17658655,-0.35902074,0.040959567,-0.7402474,-0.3477079,0.39808953,-0.22546509,-0.44037527,0.024488132,-0.054528438,0.07449731,0.07866308,-0.09127303,0.5331096,0.28773153,-0.22538258,-0.8160666,0.10518186,0.12035742,-0.14124459,-0.43816844,0.21245907,-0.043458555,0.14160289,0.24128202,0.24827504,-0.19918537,-0.40357363,-0.18491355,-0.052312355,0.5393717,0.13108642,0.16454266,-0.11648993,-0.99472415,-0.08841333,0.3000617,0.12436914,0.44168392,0.14137696,-0.036181394,0.28042993,-0.08096294,-0.21746376,0.21252237,-0.01871312,0.07077557,0.19247645,-0.31170654,0.36180696,0.0062474688,-0.47374654,-0.030457877,0.20853761,0.1039663,-0.12494283,-0.2387742,-0.426967,0.14304505,0.1912872
45,-0.28516048,-0.1787775,0.6535465,0.24625722,0.22225475,0.4904244,-0.39191538,0.060328037,-0.09917083,-0.040416826,-0.12721683,0.350088,0.0050790734,-0.2002643,-0.08788896,0.29963994,-0.053739235,0.29459596,-0.6610431,0.005800366,0.23134966,-0.069004215,-0.006963735,-0.17003211,0.72702664,-0.32344294,-0.08333609,0.10987235,-0.09871414,0.074315235,-0.14460109,0.09329294,-0.8731219,0.06015576,-0.25416824,-0.048381984,0.39883974,0.0020212594,0.041843433,-0.35234413,-0.26130322,-0.18409127,0.12548734,-0.030581694,-0.019673591,-0.30353552,-0.08122324,-0.084661216,0.43218,-0.5973422,0.3690164,0.4094787,-0.6483338,0.022696594,-0.37726393,-0.39771408,0.061776023,-0.14079331,-0.22500356,0.62125015,0.18805858,0.24441637,-0.37242454,-0.1722674
46,-0.16027883,-1.0141393,0.6477927,-0.60611135,0.0038078227,-0.45032182,0.048614148,-0.4749618,-0.5500798,0.1996307,0.38634026,0.28761446,-0.1955977,-0.07727602,-0.504735,0.34304044,-0.08086727,0.26149458,0.07277183,-0.16615717,0.037232634,0.28698766,0.2687744,0.36190417,-0.27555302,0.020873979,-0.16219272,-0.21520409,0.18074127,-0.117938824,0.0913298,-0.04757959,-0.21201044,0.08256315,0.20427194,-0.11180329,0.037788834,0.10731268,-1.4756064,-0.18016861,-0.095581844,0.17405456,0.5362403,0.12455693,0.013420047,0.041522868,-0.46665853,0.18389869,0.17342214,-0.41830915,-0.042820446,-0.4153342,-0.31501642,-0.07555617,-0.032354627,-0.0040435065,0.6551299,0.4198994,0.21732338,-0.4086956,0.14093046,0.09026384,0.09550038,-0.43265998
47,0.13608652,-0.63813925,-0.086654566,0.14653727,0.112758346,0.06514325,0.028807957,0.028971372,0.10544867,0.115879305,-0.25612152,-0.40105087,0.11939655,-0.23578238,-0.116791844,-0.25567815,0.020465609,-0.0032965438,-0.021553686,0.31634054,-0.601018,-0.32066613,-0.39399356,-0.6217303,0.007869802,0.0012667654,-0.12637335,0.45476428,-0.3337162,0.40720448,0.13589078,-0.23489037,-0.44538373,-0.3830142,0.057858907,0.21126032,-0.4748694,-0.027818643,-0.21044597,0.19319683,0.14614871,0.19841689,-0.484867,0.46358183,-0.41168043,-0.121374436,-0.21120362,0.19021215,0.034960777,0.1015131,0.2743191,0.18691507,-0.10935682,-0.10851538,0.01581725,-0.15956554,-0.4359753,0.017957792,-0.24112089,0.82439727,-0.3445085,0.035179876,-0.3954197,-0.0031734786
48,0.00288074,-0.14671147,-0.1789944,0.34275636,-0.5860517,0.2575866,0.09843548,0.08992673,0.2731594,0.4263124,0.16388378,-0.09309977,-0.19147226,0.2872884,0.20183037,0.28028652,-0.14923607,-0.26004374,-0.4851279,0.119746655,-0.2318806,0.18932137,0.10500034,-0.045464434,-0.0245286,-0.77805495,-0.361155,-0.19318968,0.010216692,-0.09763709,-0.12666792,-0.430058,0.16861393,0.19953114,0.028704602,-0.2874795,-0.026490515,0.41628456,0.1043549,-0.12620004,0.21361768,0.34355766,-0.17362472,0.2057882,-0.26944545,0.08228747,0.20764668,0.17612185,0.28679004,-0.4539699,-0.03313193,0.02160906,-0.1011352,-0.62202775,0.13235094,0.12466265,-0.47679234,-0.24635835,-0.20987962,0.13204697,0.38419208,0.16545749,-0.14226736,-0.2914811
49,-0.47598,-0.17472081,-0.48626822,0.33192447,-0.5767405,0.35599104,-0.057037007,-0.095091335,0.06880442,0.0069777113,-0.0876493,0.8031349,0.54348934,0.00069109886,0.02196063,0.5095925,-0.06801924,-0.08965551,0.122441776,0.32741982,0.26459086,-0.29762694,-0.2671723,0.13213082,0.57101935,-0.11613763,0.3400248,-0.52682436,-0.49613187,-0.1790173,0.117669895,0.56472826,0.35208648,-0.079266064,-0.41232443,-0.016628984,0.6004861,-0.0510249,0.051316343,-0.089240946,-0.15307242,-0.039447203,0.16286819,-0.22724673,-0.30134934,-0.097287305,0.119145,0.13926432,0.21274562,-0.03630592,-0.6979406,0.5629511,0.12396237,0.088909075,-0.5657063,-0.07477568,0.4943234,0.018379044,0.28782403,0.20592764,0.015314269,0.12351676,-0.09894568,-0.14661583
50,0.33048344,-0.7503082,0.05030547,0.015157207,0.12372401,-0.3870442,0.116902694,-0.34651414,-0.21291843,0.20767374,-0.30161697,-0.42052102,0.13970181,0.28019977,-0.31905293,0.22515541,0.060648255,0.4614807,-0.49736658,-0.15945128,-0.30239436,-0.11305788,-0.015325576,0.16360764,-0.50805646,0.23549502,-0.41739547,-0.082318135,0.3595164,0.045348883,-0.21887922,-0.5081926,-0.65654635,-0.22551817,0.72247356,0.08747893,-0.096429214,-0.25539324,-0.81179917,0.118457586,0.08122533,-0.06672864,0.35801864,0.41313276,-0.1263831,0.35702968,-0.2604881,-0.051070593,0.3046229,0.033219617,0.1734378,0.25980693,-0.45875657,0.3068813,-0.001691635,-0.280029,0.12932757,0.33049664,0.008937502,0.41633743,-0.23703565,-0.4594333,0.38474867,-0.015026204
51,-0.40855676,-0.1822783,-0.13692002,0.7678564,-0.08694624,-0.06446457,-0.59389544,-0.03384115,0.10100629,-0.009359689,-0.51370347,-0.44954547,-0.30671558,0.2560527,-0.09126778,0.030587383,-0.13338484,0.12795952,0.11861932,-0.5342861,0.31183615,0.18811753,0.21554199,0.15335853,-0.4794492,0.011442537,0.32580373,-0.39700538,0.024100933,0.088797316,0.19762662,-0.32511455,-0.20132089,0.31666893,0.16008995,0.37228817,-0.23982866,0.2764674,-0.20001061,-0.58044314,0.22577402,-0.15342245,0.07946831,-0.13209677,-0.16580942,0.11076283,-0.09065816,-0.36490893,0.5248114,-0.2149829,0.18980208,0.40176693,0.5536908,-0.07236533,0.060412403,-0.036605965,-0.35543844,-0.07252067,0.017743217,0.09739593,0.13178307,-0.14633358,-0.31685153,0.119315065
52,0.18148638,0.1299311,-0.07872068,0.1233313,-0.030367404,0.13395372,0.004654448,0.60884213,-0.123288035,0.080547586,-0.0037932077,-0.09177377,0.23611651,-0.14859906,0.012550765,0.017801914,-0.14825459,-0.1130086,0.05849676,-0.18551137,0.5349048,-0.07083363,-0.02129052,0.59854275,-0.55712897,-0.19339682,-0.0751952,-0.21895474,-0.029859746,0.10811125,-0.26688695,-0.67932504,-0.3121241,0.20112438,0.23890561,-0.062346425,-0.5782433,0.028151348,0.13126604,0.2553403,0.32965568,0.0438888,0.0933505,0.4822502,0.043854743,0.34723938,0.015286175,0.18591659,0.072563745,-0.2678821,-0.005113095,0.5691733,0.62756467,-0.2524525,0.19647337,0.13999957,-0.47179577,-0.41532066,-0.23546472,0.13981508,0.055779852,-0.1924772,-0.34410173,-0.071018
53,-0.24058662,-0.3276906,-0.14710386,0.35927758,-0.1766958,-0.24858145,0.11298792,0.023311717,0.019724488,0.1924884,-0.00858409,-0.09699153,-0.029409576,-0.22317715,0.15802784,-0.3577771,0.14391778,-1.0753187,0.42021784,-0.2037242,0.32701465,0.13804825,0.20033604,-0.08602309,-0.17061079,-0.33635378,0.28217897,0.2429703,-0.28814173,0.7978677,0.50720817,-0.28961676,0.11445538,0.018498925,0.07614615,0.5123999,-0.27836934,0.13597652,-0.23441099,0.26548204,-0.33832186,0.23915815,-0.16634363,0.48234028,-0.44577765,-0.19911838,0.38321894,0.09307592,0.033636127,-0.13574827,0.09444097,0.31250644,0.3699639,-0.550215,-0.48130453,-0.2382737,0.054914683,-0.0028462645,-0.020861574,0.16757968,0.13276061,0.12920438,-0.19236326,0.42687222
54,-0.035983834,-0.029027795,0.22931674,-0.16275212,0.112081654,-0.20988272,-0.09363689,-0.08866601,-0.27233508,-0.12628883,-0.4193572,0.12971757,-0.13338585,-0.3094515,-0.8486976,0.3577144,-0.17526992,0.27198365,-0.4290126,0.36036122,-0.054107603,0.14072886,0.26173687,0.0973659,0.4277215,-0.3051189,0.053890478,-0.42871132,0.093170986,-0.24511686,0.32220763,0.4537702,-0.3967349,0.3059173,-0.11464452,-0.27897668,0.71138453,0.035336506,0.043059982,-0.06981785,-0.7385243,-0.4114339,0.32143754,-0.3272941,0.273835,0.18226416,-0.28890735,-0.22425413,-0.057114683,0.055595934,-0.2909879,0.2886543,-0.42281604,0.15066591,-0.30331582,-0.24049243,0.67551655,-0.16229987,0.46806332,-0.19616906,0.18074414,-0.47381657,0.19449551,-0.47197366
55,-0.63323957,0.10207952,0.17787457,0.013214733,-0.01656937,-0.124733716,-0.24360013,0.112033606,0.46491617,-0.07057809,0.051434547,-0.038923,-0.2923093,-0.12407645,0.0765557,-0.32445198,-0.05132544,-0.27347752,0.26993054,-0.16500248,0.16555472,0.89694995,0.95858425,0.22584438,-0.15941218,-0.1956852,0.15814361,0.28921732,-0.37882766,-0.0035004246,0.29085892,-0.2544095,0.21969639,0.99882525,-0.5968759,-0.24330592,-0.11140673,0.35127792,-0.28011686,-0.35550654,0.12808217,-0.26125246,-0.19642529,-0.10444627,0.10414726,-0.43540385,0.25498602,0.0020841698,-0.0007577708,-0.16466452,-0.33226722,-0.05792271,-0.02364367,0.01578983,0.30813545,0.44637728,0.2186388,-0.04402878,-0.14240141,-0.11920665,0.9026256,-0.09624806,-0.2928441,-0.29440078
56,0.019810243,-0.743128,-0.047710128,0.351271,-0.26739204,-0.07545836,0.0032894867,0.09302993,0.08445001,0.09067885,-0.1887682,-0.35358912,0.04115817,-0.4153326,-0.19565353,0.005059295,0.41117716,-0.017033389,0.297228,0.06115045,-0.2722325,-0.2502563,-0.28205913,-0.07454404,-0.40261438,-0.31272766,-0.32583347,0.37172067,0.33324617,0.4243826,-0.09818059,-0.3876314,-0.3965896,-0.15440397,0.61943203,0.37251773,-0.05299822,0.1549084,-0.32781437,0.2633705,0.021275252,0.152525,0.038728137,1.0161135,-0.4601999,0.08477143,0.15276192,0.10582832,0.17638119,-0.26911294,0.31026146,0.1660803,-0.12884381,0.09013563,-0.5632541,-0.2267064,0.0040560504,0.033436663,-0.32077673,0.26383838,-0.33307606,0.031093678,0.014831185,0.22609784
57,0.20694445,-0.3039937,-0.23814395,0.090963654,-1.0615842,0.1486614,0.16333173,-0.2596357,-0.039371487,0.2836622,0.21967807,-0.18421258,-0.10691882,0.29259112,-0.15191124,0.17919774,0.32354945,-0.19204623,0.19843103,0.019425306,0.3512686,0.04472967,0.008248162,-0.00798178,-0.43633455,0.13024025,-0.283912,0.30362463,-0.11242989,-0.19955838,-0.091706395,-0.33816484,0.06820137,0.18005529,0.13309431,-0.087184004,-0.93791,0.0718741,-0.15439829,-0.216101,0.3022791,-0.011773047,-0.08731382,0.055510074,-0.54424226,0.1608207,-0.50624484,0.16359752,0.21850614,-0.26972985,-0.3414806,-0.17748569,0.123273715,0.06225494,-0.11835734,-0.2653385,-0.1735193,0.16687234,-0.30654934,0.4042558,0.18951596,-0.6635335,0.13013242,0.0070304265
58,-0.82096803,-0.11500479,-0.101122916,-0.014322272,0.06241438,0.17757027,-0.12985417,-0.003763292,0.14711736,0.04171517,-0.016635248,0.26167956,-0.09765606,-0.020968158,-0.08155011,-0.3788759,-0.149214,0.36183664,0.41403422,-0.3634639,0.43703756,-0.020995311,-0.05575765,0.39030984,0.040324286,0.36452922,0.37663084,0.42989346,-0.9022921,-0.027139673,-0.2544068,0.12732612,0.37798414,-0.1326284,-1.2091112,-0.40848485,0.1818405,0.038730644,-0.14531404,0.16583262,0.5208363,-0.06923759,-0.12291221,-0.20705774,-0.2920007,-0.15634322,-0.013370868,-0.0038838503,-0.2610153,-0.09724556,-0.07465224,-0.1267625,0.6314196,0.12806733,0.102050334,0.028691927,-0.15017164,-0.092871435,-0.3899575,-0.07871661,-0.040332787,0.15752363,-0.48153105,-0.27809224
59,0.02822088,-0.101192474,-0.42005876,0.35977855,-0.029132325,-0.03627266,-0.7140548,-0.1851557,0.09502328,0.13775449,-0.64399,-0.038854748,0.087491676,-0.29636094,0.04111754,0.11481257,-0.00723961,0.1641599,0.27977988,-0.006933352,-0.01980936,0.28047046,0.15228926,0.3862284,-0.43820477,0.3120642,0.25572413,-0.046497885,0.06104437,0.8075342,0.07440355,0.21828966,-0.21921308,0.31162238,0.3262065,0.28614578,0.24552877,0.02147178,-0.24877271,-0.22982141,0.1822001,0.26848406,-0.071282685,0.26219803,0.11762378,0.045265164,0.34381533,-0.6432898,0.13544312,-0.2246383,0.7939078,0.7784136,0.1183187,0.1044434,0.066830896,-0.06534255,0.08646783,-0.12107036,0.11392256,-0.144703,0.17520696,-0.056890223,-0.12024616,0.23910178
60,0.12123492,-0.11146299,-0.6775723,0.15076023,-0.023881845,0.24199408,0.157045,0.0033349611,0.062652946,0.07361608,6.155835e-05,0.25217497,-0.023112401,-0.22811684,0.32298145,0.15273574,-0.5329938,0.21099524,0.02876417,0.3328911,0.07086866,-0.15407002,-0.3577448,-0.17938374,0.10783783,0.13952681,-0.28277463,0.18361516,0.11031094,-0.021354754,0.031981878,-0.10060233,-0.07053998,-0.13287887,0.32889894,-0.2165507,-0.75834775,-0.061056368,0.034302633,-0.07814966,0.33232823,0.04034883,0.15174094,-0.12003507,0.0003826565,0.3052852,-1.0536923,-0.04568777,0.33122286,-0.24108317,0.22821437,0.12976755,-0.06438617,0.18365674,-0.35356307,-0.26165617,0.3371534,-0.05052742,0.4010362,-0.14991374,-0.07245105,-0.6800573,0.44259664,-0.5329296
61,-0.2987303,-0.12269706,0.16073433,0.16226374,0.14361493,0.041231032,0.103287786,0.22076844,0.08796887,-0.05767214,0.15791894,-0.16715881,-0.25426763,-0.19020222,0.10972826,-0.0659923,-0.4309045,-1.3951211,0.39357728,-0.47801623,0.2008024,0.12577266,-0.08884086,0.2159356,-0.2201114,-0.16676004,0.16856234,0.16010152,-0.18337004,0.120659485,0.050786145,-0.4300931,0.2820975,-0.07480465,-0.076074615,-0.16921978,-0.118806675,0.10489031,0.0826455,-0.02419876,-0.0019435592,0.08111227,-0.045361135,0.02534505,-0.19984038,-0.2878202,0.24381778,0.07964553,0.013195435,0.002996834,-0.105144165,0.057862807,0.5778303,-1.0759425,0.0067160926,-0.09970034,-0.0319269,-0.3058044,0.058500085,0.18987052,0.1975993,0.029965699,-0.09238423,-0.25714225
62,-0.58875465,0.023391187,0.21792111,-0.31066313,-0.12231454,-0.20005113,-0.09821043,-0.119871154,-0.05442435,-0.0622858,0.12363894,0.055575144,-0.5110713,-0.21338913,-0.3219663,-0.13951533,0.15984172,-0.09704926,-0.3233322,-0.3130958,-0.15270907,0.31617445,0.6020481,0.13098776,0.2032201,-0.30126262,0.07083538,0.121870466,-0.5148697,0.2610187,0.043368842,-0.030156333,-0.042879887,0.32568267,-0.76131743,-0.3699013,0.16585393,0.24775691,-0.13027614,-0.12277556,-0.11844294,-0.095882006,0.16214338,-0.08940422,-0.39887807,-0.13544287,-0.29328585,-0.19898146,-0.33778724,-0.2570516,-0.25090316,-0.50841975,-0.39869526,0.29315433,-0.20303701,-0.36267468,0.28950268,0.27483416,-0.35701054,-0.3691171,0.27119336,0.0030694632,-0.025953362,0.031695046
63,-0.22416376,0.20245191,0.1965261,0.15347794,0.027231889,0.3955411,-0.97549826,0.1762878,0.34823716,-0.3252248,-0.26370168,0.358123,-0.19836767,0.21672365,0.13870876,0.2105535,-0.19374272,-0.006416239,-0.29676247,0.1695781,0.49654767,0.20844951,0.311508,0.038285576,0.32650718,0.020884354,-0.24241944,0.0026173946,-0.43898827,-0.46389169,0.2673449,0.49622864,-0.15471952,0.27548054,-0.14335805,-0.0046003256,0.09117714,-0.024195967,0.1898618,-0.90440196,0.051792774,-0.54737884,0.061904963,-0.9202708,0.014373227,0.06860798,-0.03290057,-0.65181726,0.15645543,-0.14905952,0.1430319,-0.18280263,0.0483027,0.14096071,-0.046115678,-0.07626416,0.0023762798,0.12972946,0.10453904,-0.30974564,0.20710216,0.16356443,-0.2728432,-0.32866555
64,-0.84200215,-0.43991175,0.25197676,0.13533397,-0.2064458,-0.5164348,0.49539417,-0.255607,-0.06764709,-0.16335036,-0.18147093,0.09007794,-0.8070026,0.14506304,-0.1872844,-0.3407817,-0.48600173,-0.68728423,0.2820809,-0.053375978,0.18824436,0.15352984,0.2609927,-0.044743795,-0.11962804,-0.0039977967,0.1600307,0.4939075,-0.47720134,0.013696719,0.3531945,-0.009828027,0.09503425,0.1242379,-0.11435243,0.16995344,-0.1315754,-0.15392262,-0.39322385,-0.10157398,0.08608705,-0.18049866,0.46980256,-0.2373914,-0.17835216,-0.77811867,-0.36228457,-0.8505364,0.008239777,-0.14752407,-0.19692,-0.16347644,-0.26023903,-0.11883229,-0.19576402,-0.6209337,0.25338495,-0.21103488,0.32863766,-0.23407054,0.13763075,-0.14986905,0.40074146,-0.29056442
65,-0.18907094,-0.079169065,0.30644566,0.1272306,-0.28123313,0.39920458,0.06843444,0.24052122,0.1515115,0.32790664,0.16279623,0.07895398,-0.4097294,0.085641965,0.39885333,0.110493645,-0.2417734,0.18966065,-0.1424878,0.29951572,-0.24380699,0.079321146,-0.16474926,0.16773312,-0.0027254527,-0.43938103,0.3302743,0.43286043,-0.08575887,0.436138,0.15142328,0.048258346,-0.016265964,-0.18484798,-0.20286328,-0.033569124,0.18959846,0.04829798,0.23369426,-0.035463594,0.42311534,0.43367782,0.3511195,0.044867504,-0.49076164,0.27164957,-0.060956497,-0.17834522,0.096074656,-0.49168178,0.13778418,0.048600685,0.009728831,0.33028725,-0.049961396,-0.47619924,0.14829667,0.4315497,-0.083261624,0.17156717,-0.07857782,0.3959213,0.18800263,0.0017815783
66,-0.13662879,-0.0989209,-0.06954767,-0.27247867,-0.1414496,-0.025445048,0.09510871,0.07946476,0.29226494,0.3271707,-0.21114303,0.14232047,-0.23408389,-0.39373082,-0.48147953,-0.023188554,-0.13799283,0.24862441,-0.16803922,0.28472447,0.093215756,0.10343317,0.36467838,0.30321798,-0.032852694,0.13707335,-0.2493221,0.3251304,0.29049563,0.16375357,0.22700597,0.31036505,-0.6710267,0.10971324,0.49579933,0.041078065,0.15944704,0.35353926,-0.11608156,0.044422373,-0.18576796,0.17933032,0.21877939,0.28780955,-0.17300735,0.34303066,0.15714692,-0.04690054,-0.3877727,-0.750686,0.7010036,-0.23452947,0.02905616,0.42935115,-0.3740346,0.000825948,-0.17432858,0.08203613,0.055274077,0.1207864,0.076373585,0.6130707,-0.10550743,0.11695211
67,-0.1392372,-0.110619746,-0.12300473,0.31634104,-0.34256512,-0.30283126,0.26328123,0.34376204,0.35741043,-0.48871905,0.40217924,0.31274745,-0.11805277,-0.03910686,-0.10653159,-0.044850927,0.5918128,-0.36168075,0.20925806,0.335278,0.42410868,0.699931,0.87507623,0.38037866,-0.13062012,-0.63403517,-0.33011374,-0.088394664,-0.0190375,-0.3211934,0.101061344,-0.56002164,0.012049786,0.63033444,-0.16740866,-0.17677534,-0.11563349,0.0654719,0.043405917,0.093018085,-0.0819151,0.0064021596,0.24901159,0.20819537,-0.032049302,0.26570588,0.094786346,0.48623988,-0.08440361,-0.16916546,-0.676971,0.196273,0.2682554,-0.2529322,-0.5172767,0.24201447,0.029191442,-0.1079449,-0.07689894,0.27530858,0.53137773,-0.18883348,-0.15772846,-0.26832774
68,0.53067636,0.019611355,-0.104559295,0.21775395,0.015171606,0.30352673,-0.13760172,0.19434828,0.077405065,0.07420554,-0.081805274,-0.1987271,0.044583924,0.37802854,0.43751758,0.48669356,-0.7747698,0.116582304,-0.33373782,0.2820125,-0.1706528,-0.41833645,-0.5276158,-0.5169066,0.20300378,-0.11827029,-0.061841637,-0.1266893,-0.021236137,0.18342023,-0.12677,-0.38903666,0.18584387,-0.30726436,-0.03438513,-0.32560152,-0.013061679,-0.14816156,0.59932,0.026069272,0.120489575,0.3128669,-0.5217132,-0.60402036,-0.19083868,-0.1680994,0.59808886,-0.08212573,0.48096582,0.035871185,-0.80392474,0.22464894,0.04741058,-0.24514624,0.39537042,-0.38780546,0.09265422,-0.3492511,0.33563274,-0.16673,0.029324511,-0.09849121,0.18309793,-0.59193563
69,-0.17973606,0.1672555,0.21748899,0.54837954,-0.07322627,-0.40890917,-0.5280101,0.36028612,0.19818921,-0.06581099,0.0011413303,-0.124322124,-0.04118841,0.3015203,-0.26575884,-0.0387274,-0.2790371,-0.3814142,-0.004302237,-0.06254443,0.5600906,0.10665399,0.27373296,0.5796581,-0.13359305,-0.16665883,-0.30470836,-0.03408046,-0.025683258,-0.16818485,0.04991698,-0.23171596,-0.0420277,0.34476432,0.36802602,0.4334352,-0.048912738,0.44521722,0.11215005,-0.48246062,0.11465096,0.16183671,0.33355087,-0.047899902,-0.07914426,-0.0065758163,0.44100955,-0.1651023,0.4225318,-0.37406197,0.0613222,-0.09028092,0.7842811,0.095752805,0.006427238,0.29848692,-0.24352661,-0.08392755,-0.10695022,-0.111958094,0.13213181,0.4696002,-0.3371458,0.21522258
70,-0.21692,-0.30743375,-0.0142147085,0.4520655,0.041184355,-0.043154314,-0.8350878,0.20377302,-0.03349381,-0.059905708,-0.9329179,0.06581679,0.3026142,-0.031969134,0.06414823,0.019505309,-0.30801275,0.11705445,0.322483,0.7756027,-0.56532717,0.08424299,0.06816917,0.16044186,-0.12776423,0.12689067,0.19419256,0.63723284,0.0154427085,0.043357126,-0.17205124,0.7373451,0.09595636,0.11455516,0.13806702,0.39691824,0.6018139,-0.031090701,-0.07150233,-0.40330192,-0.042803675,0.048843436,-0.10913207,-0.07134288,-0.14788035,0.0007437871,0.35458076,-0.82596856,0.19430645,-0.046917338,0.31619298,0.3796465,-0.3582686,0.16099763,-0.15841718,-0.0036727493,0.1468214,0.2257613,0.21023366,0.1250706,-0.20154865,0.34364247,0.008848459,-0.0124379685
71,0.0027142162,0.13676386,-0.2887727,0.24962364,0.004260335,0.13935797,-0.21919473,0.5163237,-0.1289162,0.3270324,0.10371551,-0.5406116,-0.04765298,0.37172073,0.21088724,0.14311257,-0.37898505,-0.534422,-0.16149847,-0.21322703,0.4507249,-0.00055800506,0.13428287,0.17849135,-0.5235595,-0.0013890894,-0.172067,-0.30762297,0.22684377,-0.11308605,0.07446281,-0.46309006,0.16447583,0.31408447,0.19455495,-0.0731321,-0.27617043,-0.038774714,0.097169206,-0.3900599,0.46894568,0.24446906,-0.15529305,-0.37458965,0.18671206,0.19380906,0.4563354,-0.12205382,0.14977522,-0.17125471,-0.05709005,0.16615531,0.36156765,-0.5072311,0.13395177,0.37159133,-0.47237486,-0.60094935,0.041601792,0.032649033,0.027898813,0.16049875,-0.27859336,-0.16235442
72,-0.4214231,0.034733888,-0.5171124,-0.29478526,-0.03438102,0.07750587,0.30506206,0.08095754,0.47257432,-0.005965688,-0.4488027,0.3059809,-0.2183782,-1.2080815,-0.039819233,0.16506794,0.2318694,-0.37762755,-0.010407598,0.3788819,-0.0845355,0.11297455,0.22754936,0.40274253,0.10356199,-0.5084021,0.10649389,0.18600033,0.04894257,0.12490352,0.26459292,0.13741682,0.20579089,0.11197182,-0.26303864,-0.21395192,0.08010923,0.014066591,0.041532744,0.33555108,-0.2893299,0.4167657,0.2920176,-0.081655174,0.16591263,0.74566835,0.5398983,-0.13676561,-0.98341405,0.13599974,-0.0093092825,-0.3368391,-0.05623201,0.25424975,-0.7835339,-0.2748209,0.33304527,0.0829245,0.3491239,0.003399708,0.04073455,0.10238936,0.3741134,0.12978095
73,0.11324956,-0.6518111,-0.13865884,-0.41806358,0.0661613,0.2105734,0.63931274,-0.5046643,0.019894367,0.030529814,-0.01282383,0.030331025,0.03137552,-0.7668341,-0.026573649,0.17870286,0.028969334,0.41336054,0.33362383,0.047519915,-0.8412081,0.026210438,0.03207372,-0.02482163,-0.43056154,0.13000914,0.49602112,0.120016776,0.14332965,0.12223585,-0.07772908,0.1819729,-0.2391833,0.002863527,0.31945756,-0.648397,0.2365244,-0.23507759,-0.6597165,0.18670331,0.26771715,0.3353951,0.2737471,0.10443726,0.17537123,0.2790727,-0.14700489,-0.31155494,-0.52141976,-0.09990048,-0.1646409,0.29548764,0.18803176,-0.0077672475,-0.36107403,-0.29724342,0.13974544,-0.047403846,0.23627101,-0.113109015,-0.18794,-0.35371864,0.2140582,-0.15523502
74,0.30619654,-0.43772864,-0.1722346,-0.29780373,0.016938148,0.1272559,0.54423654,-0.10178721,-0.4431033,0.33728245,0.19467057,0.23041564,0.11851851,-0.27045724,0.19998041,-0.005381308,-0.37764704,0.44533002,0.16207759,0.31836632,-0.55201805,-0.19666684,-0.3652889,-0.5360477,-0.26267764,0.34588048,0.061116863,0.16489388,0.11768398,-0.068978116,-0.26732153,-0.03511045,-0.2573734,-0.29602623,0.053049035,-0.31588835,0.13498,-0.06756414,-0.17660251,0.14815639,0.07658973,0.4593385,-0.13456754,0.10862857,-0.08563599,-0.015179749,-0.03614245,0.044816773,-0.2953765,0.0142967645,-0.030850176,0.2641394,-0.12152618,0.3272104,0.039428066,-0.3087222,-0.0073605706,-0.06477049,-0.13141575,0.2210486,-0.09319534,-0.19727783,0.09805944,-0.40860492
75,0.010585385,-0.4987952,0.1480999,0.14357312,0.075023904,-0.2637203,-0.18703672,-0.24473734,-0.316031,0.2165136,-0.8259198,-0.6835863,-0.08220807,0.2098091,-0.113379136,-0.20159796,0.016225217,0.72115713,-0.29630247,-0.6445264,-0.47607368,0.31613722,0.20645492,0.51447177,-0.47441158,0.05201464,-0.2681995,-0.23773842,0.038537215,0.14215937,-0.13815886,-0.37866235,-0.43035358,0.20096324,0.31097433,0.08875086,0.12672839,0.050570186,-0.650802,-0.13576244,-0.094656244,-0.06268416,0.27231658,-0.23085622,0.18122779,0.28123772,0.15026015,-0.41514155,0.30605468,-0.10344426,0.25222096,-0.14128028,-0.4044174,0.357489,0.26774538,-0.1576091,-0.23230352,-0.10838371,-0.1783028,0.034566525,0.12715983,-0.035446227,-0.26253194,0.038709544
76,-0.05992126,-0.03732451,0.40859208,0.34517685,-0.45750833,0.3260581,-0.3512353,0.2341284,0.07879172,0.23924801,-0.21690057,-0.35507864,-0.2155142,0.04707093,-0.33497348,-0.04641058,0.23771808,0.010822983,-0.2020495,-0.0429128,-0.3106451,0.24984261,0.053084724,0.4753885,-0.02365874,-0.4218867,-0.118186586,0.20530052,-0.23704869,0.27240685,-0.07827126,-0.30507392,-0.23725009,0.14715976,-0.026915593,0.23175538,0.024981884,0.49618727,-0.02479754,-0.05498461,0.3098238,0.49183783,-0.095067,-0.058924787,-0.2750617,0.22242445,0.20665267,-0.17090549,0.15890709,-0.7317642,0.016541068,-0.14009255,0.06347783,0.038423188,-0.41319367,0.24754909,-0.90116787,-0.23868708,-0.68619627,0.5189233,0.32420057,0.34553742,-0.3919747,0.06733848
77,0.2920654,-0.12812471,0.28244677,-0.11520569,0.11146033,-0.40330034,0.17502522,-0.29025155,0.088010915,0.39198014,0.34312832,0.34944418,0.1552666,-0.18184195,-0.052214544,-0.08605358,0.1413616,0.11833604,0.55614305,0.27587014,0.082753845,0.34183496,0.4194357,-0.033251457,-0.16783144,-0.19463865,-0.20905164,-0.032685194,0.31815103,-0.31640044,0.15549052,-0.4282693,0.1100509,0.46694586,0.39201286,-0.090246625,0.045892827,0.050907392,-0.728459,0.21038656,0.21345755,-0.08645341,0.6699639,0.058786526,0.2807882,0.2377078,-0.21240565,0.56418216,0.03494411,-0.10683309,-0.29269922,-0.13010757,-0.23074864,0.079839565,-0.5879692,0.19877476,0.1914285,-0.038478255,0.18841983,-0.26309115,0.15827528,-0.38709363,0.029010061,-0.8956479
78,-0.11049003,0.103129305,-0.27784613,0.0041231397,-0.17206153,0.29925713,0.39447486,0.24665464,0.18433684,0.76090586,0.39097476,0.0033634393,-0.2610278,0.05589064,0.11189828,0.44162193,-0.121141076,-0.42112297,-0.5823118,-0.10579842,-0.23120022,0.05652562,-0.03469637,0.14801301,-0.23057249,-0.6167923,-0.37280843,0.21114378,0.054034084,0.039725285,0.28272578,-0.46822193,0.20429479,-0.07567991,0.35057676,-0.46850517,-0.025676193,0.38709873,0.13615164,0.13251096,0.14611082,0.6289923,0.17948951,0.058308262,-0.21457857,0.15501937,0.47756132,0.16731456,-0.10444795,-0.44059873,-0.09725263,-0.3234074,-0.039920595,-0.40898407,0.071456164,-0.20164612,-0.16405678,-0.1425237,0.23410372,-0.12489984,-0.040693507,0.42626402,0.18744536,-0.1549382
79,0.04446124,-0.15737294,0.01609356,-0.10211765,0.28357837,0.15804559,-0.073064096,0.47683004,0.09807309,0.13863403,-0.12684321,-0.15188287,-0.28617984,0.0364311,0.031603176,0.009853433,-0.48050246,0.32296294,-0.013211351,0.14892964,-0.82837343,-0.35660297,-0.45299196,-0.3641349,0.14469819,0.19495046,-0.1454958,0.28902495,-0.16892295,0.6370724,-0.041867465,-0.61778086,0.091098964,-0.3368496,-0.093955815,-0.43353945,-0.22747654,-0.07134488,0.27912837,0.28030562,-0.12369412,0.37595278,-0.6110178,0.11138397,-0.060008492,0.18840207,0.08457569,-0.01648886,-0.16831748,0.01585839,-0.057344414,0.080554955,-0.36162373,-0.262509,0.5477548,-0.12291761,-0.13226886,-0.23836827,-0.009077158,0.16609356,-0.22603115,0.13743477,0.15015113,-0.6698645
80,-0.056211647,0.08131976,-0.3402328,0.10302001,-0.06613802,0.47171253,-0.2362673,-0.1300726,0.060304135,-0.40231153,-0.32385254,0.05360798,0.052980054,-0.08819414,-0.27280676,0.6763584,-0.26359186,0.09975861,-0.84090286,-0.016462533,0.3847937,0.20759317,0.10395238,0.19820298,0.3251875,-0.10709167,0.60578674,-0.5177526,-0.22258365,-0.1780307,0.26962057,-0.025883956,-0.086827256,0.05137852,-0.11751979,-0.08857331,0.092370115,-0.19943622,0.21137139,-0.16436748,-0.20472738,-0.19668524,0.37149027,-0.5156559,0.056327533,-0.12558493,-1.2954295,-0.25499746,0.17350927,-0.052955404,-0.2323199,0.20071572,0.12448627,0.016326101,-0.12716138,-0.27859116,0.16785674,-0.12237351,0.34603974,-0.5453484,0.11506334,-0.8618025,-0.09202202,-0.13663092
81,0.30341625,-0.30811438,0.15252936,-0.56775653,0.13555953,0.1464115,0.48196265,-0.19756049,0.22105412,0.41744214,0.5748917,0.28586522,0.118792586,-0.4323291,0.15071255,-0.19288242,0.0047955182,0.3517931,0.562534,-0.1050641,-0.51878417,0.09557741,-0.055764604,-0.76693124,0.007982609,0.071243115,0.08177932,0.26190203,-0.1385294,-0.19899613,-8.398664e-05,-0.27744165,-0.06232753,-0.009474434,-0.3774957,-0.6633324,-0.15157832,0.16105615,-0.24084876,0.2774314,0.15776433,0.24441725,-0.33698148,0.31436956,-0.19041294,-0.56584054,0.17914009,0.919181,-0.43261868,0.022637008,-0.472898,0.042310312,-0.22910231,-0.2871419,0.1834747,0.17366986,-0.010436272,0.021261226,-0.7441064,-0.078465,0.29966176,0.21021456,-0.3807963,-0.6575819
82,0.24261104,-0.08991629,0.037597187,0.17181464,-0.1481082,-0.6312282,0.018326845,-0.14260803,0.017519642,0.120136574,0.09822947,0.12333629,0.19474636,0.21350141,-0.10718514,0.44509482,-0.5401457,0.267376,0.335796,-0.8508901,-0.07951497,0.33889943,0.17930867,0.369625,-0.10715936,0.33343926,0.45915788,-0.750014,0.22511427,0.0019827674,0.16867785,0.08943303,-0.0078904955,0.37538508,0.14618133,0.044162404,0.43861488,0.11624729,-0.28226906,0.093239866,0.141909,-0.1834877,0.44158018,0.2139172,0.16902208,0.30111405,0.0125474185,-0.09931319,0.4171753,-0.24968366,-0.10668877,0.41824302,0.35196465,0.4404847,-0.24917565,-0.102614224,0.46599913,-0.36416903,0.31226295,-0.4022731,0.009832163,-0.10255682,0.10802408,-0.19622266
83,-0.00069348345,-0.50254333,-0.53573626,0.23476137,-0.2976376,-0.20417228,0.42385206,-0.5343433,-0.24115402,0.2263701,-0.036568154,-0.21325617,-0.051632464,0.13892119,0.13997817,0.19458213,-0.23005855,0.66890585,0.5023762,-0.16981697,-0.6916241,-0.1315486,-0.089581184,-0.15431069,-0.25910652,0.13358176,0.101185925,0.08056236,0.1774486,-0.023080375,0.09017959,0.16616149,0.58591217,-0.10741205,0.21342199,-0.23618546,0.39187992,0.039511465,-0.14259577,0.1117402,0.4738874,0.32665467,0.6181053,-0.29253495,-0.28482166,0.07384296,0.25885972,-0.22019191,0.18782145,-0.069970086,-0.16539238,-0.023512388,0.18443596,0.48189586,0.042861536,-0.16914263,0.0066624093,0.021890208,0.22033234,-0.2106084,-0.30887228,-0.37740004,0.22013088,-0.22674164
84,-0.8613674,-0.42722824,-0.44626975,0.40103164,-0.3259265,0.13527423,0.16558751,-0.17422938,0.2706578,-0.08967797,-0.20659643,0.1767211,-0.15413314,0.14425363,0.052952606,0.020465054,-0.44284186,-0.09148962,0.20007245,-0.003379588,0.18333483,-0.0016969965,-0.035385124,0.23941995,-0.21765144,0.12008772,0.48350778,0.4767507,-1.0052401,0.30675527,0.19728377,0.32853684,0.35370266,0.04511844,-0.41154695,-0.22602196,0.0052331095,-0.035092518,-0.11128083,-0.10492763,0.4183883,-0.3141224,0.12575743,-0.38414553,-0.57513285,-0.2746146,-0.15480399,-0.6917768,0.27255166,0.1874486,-0.47699773,0.12324147,0.637069,0.11171697,-0.11144404,-0.12233347,0.08997598,-0.13695216,0.15219145,0.0515232,0.055396706,-0.14713195,0.03415401,-0.20879218
85,0.28224906,0.28994262,-0.04864866,-0.19059573,-0.16794603,0.50866604,0.3728222,0.014780147,-0.0035874948,0.33987868,0.07555936,-0.26960364,-0.17211094,0.23664391,-0.030159403,0.2617583,0.09560294,0.1326596,-0.5722971,-0.2277344,-0.51907235,0.08438659,0.13090526,-0.033066086,0.11317169,-0.13087176,-0.34940985,-0.07355272,0.4600139,0.060103893,0.272917,-0.29330721,-0.26732707,0.09705911,0.35167423,-0.52978116,0.39669433,0.58861506,0.36136362,0.0931274,-0.113677226,0.7332822,0.06325892,-0.10933942,0.12218035,-0.05300757,0.54112303,0.19600385,-0.26510072,-0.33285034,0.17466111,-0.16535033,0.16378081,-0.112318136,0.15459698,-0.16485615,-0.48459867,-0.019703897,-0.02419859,-0.15007307,0.1910066,1.0333042,-0.008416638,0.15418553
86,-0.08448993,-0.2807664,-0.19474167,0.070775,-0.5479041,0.26909184,-0.26904884,-0.08637031,0.13227998,-0.22973773,-0.35459965,0.3293336,0.40820017,-0.0043631364,-0.28148788,-0.18861082,0.12370551,0.31997445,0.080663785,-0.22193207,-0.008513385,0.18152791,0.056466714,-0.091199055,0.15587135,0.05798173,0.2697673,0.0068471134,-0.69429845,0.19445373,0.10808573,0.44804722,-0.19777742,0.004975814,-0.44095758,0.23577167,-0.0797157,0.03133317,-0.22041936,-0.27012056,-0.027407384,-0.332422,0.27051792,0.13531248,-0.7801257,-0.11773367,-0.23397939,-0.25726104,-0.011797813,-0.19742836,-0.3643603,0.25939113,0.11059647,0.34590358,0.06127742,0.02247942,-0.38290676,-0.12846358,-0.44290888,0.18090744,0.17083006,0.06621232,-0.26685378,0.3122471
87,-0.37787494,0.19077633,-0.70915276,0.14176546,-0.17534077,0.28284696,-0.15123901,0.20136178,0.17681633,-0.003256958,-0.23675844,0.2639875,0.5661457,-0.2795671,-0.08716601,0.3101789,-0.19216993,0.0046422114,0.46533796,0.3132616,0.1421947,-0.087188736,-0.0872233,-0.01889246,0.26949412,-0.009231313,0.8400342,-0.4105598,-0.18808034,0.23674706,0.3370162,0.6336837,0.40938422,-0.13145185,-0.4658677,-0.008208965,0.53005934,-0.07646604,0.19025336,0.32569608,0.21092626,0.05374652,-0.23668593,-0.22451521,-0.32096612,-0.061212316,0.43877402,0.09094705,0.042006183,0.19659191,-0.5764857,0.891139,0.2719764,0.03247466,-0.15958227,0.028591646,0.15380731,-0.38599297,0.20189525,-0.19769329,0.1981731,0.110724226,-0.484871,0.1196253
88,-0.28045714,-0.037517015,0.33473495,0.24977447,0.07765151,-0.0671705,-1.3225206,0.3291854,0.16935873,-0.31827232,-0.5015008,-0.015185871,-0.2590981,-0.004389363,-0.28388685,0.09295668,0.23156224,-0.08488823,-0.34070632,0.38465932,0.3940233,0.09951157,0.10107181,0.38144118,0.17483447,0.13270617,-0.22874483,0.3340224,-0.11527941,-0.060317557,0.11215381,0.14852028,-0.5768532,0.15999363,0.07429056,0.37196058,-0.07838359,-0.047969427,0.26879597,-0.57426167,-0.07373783,-0.1170523,-0.21713142,0.09493861,-0.09636837,0.06654378,-0.0364714,-0.3065148,0.2860289,-0.10283891,0.52138346,0.13857749,-0.17874493,-0.0024791237,-0.24588174,-0.08809259,0.25401458,0.28326967,0.14446786,0.44657478,0.21763088,0.22976728,-0.05050656,-0.048661385
89,0.044844594,0.25000963,0.32349268,-0.39002928,-0.1995949,-0.033648193,0.2443736,-0.018305533,0.02121989,0.19877891,-0.251202,0.47066587,-0.19659336,-0.7602855,-0.6324339,0.3707932,0.442,0.15560551,-0.1664399,0.036517713,-0.31805936,0.15908274,0.37868282,0.4310851,0.564246,-0.40636468,-0.047450475,-0.12467008,0.34451675,-0.1509381,-0.24761757,0.43234405,-0.4123189,0.18389094,0.19077441,-0.78509325,0.61167175,0.15130158,-0.14054625,0.36980712,-0.07670048,0.15522102,0.29574758,0.22576942,0.092250906,0.525352,0.13600343,0.418384,-0.6309658,-0.19184326,-0.15572944,0.3386592,0.21752395,0.21279278,-0.29773802,0.3426436,0.12335324,-0.4709351,-0.0015127591,-0.11009404,0.37230211,0.1566143,-0.2091983,-0.20019968
90,0.19683543,0.1641143,-0.820628,-0.3459147,0.019940365,0.09395643,0.32286888,-0.17805247,0.10338605,0.23122467,-0.1235957,-0.017795168,-0.1728581,-0.8266794,-0.10516204,0.050898064,-0.1443421,-0.08217987,0.0079433825,0.28840145,-0.22841956,0.18325202,0.25166395,0.34553072,0.2675128,-0.27002338,0.52145654,0.1376096,0.22321469,0.09496545,-0.11600015,0.3898561,0.13781323,0.014977294,-0.09603575,-0.79874694,0.38324392,0.10164422,0.10406189,0.113896444,0.081446566,0.26658484,0.22428519,-0.17490232,-0.14793383,0.5815436,-0.020952832,0.16033791,-1.2336812,0.010260558,-0.43795344,0.0006535868,0.55367774,0.22445083,-0.16275068,-0.2703692,-0.20424843,-0.034154873,0.20549013,-0.27231628,0.15163808,-0.15327734,0.21371396,-0.057834838
91,-0.11860016,0.24997647,-0.33413744,0.1505577,-0.62637687,0.19757733,0.12473901,0.24414895,-0.10203875,0.29988897,0.22992621,0.046510797,0.1476501,-0.2466866,0.19852874,0.11723499,0.122349255,0.16938466,0.028664103,-0.108133875,-0.5604346,-0.35632113,-0.073130235,0.10231859,-0.08844726,-0.66552514,-0.1423678,0.10069071,-0.059360247,0.2649934,-0.20564677,-0.27495727,-0.3407449,-0.37276065,0.038045894,0.01527284,-0.2489828,0.12794043,0.21570215,0.013030238,0.15915307,0.12564318,-0.0020555751,0.3641786,-0.25357506,0.52753294,-0.14275798,0.7726908,-0.12884513,-0.24447948,-0.15934245,0.38091293,0.21628651,-0.3290986,-0.40701124,0.18743479,-0.7259797,0.05747972,-0.5672102,0.32354403,-0.16174303,-0.4577762,-0.12538375,0.07497163
92,-0.21033092,-0.16025233,0.061338264,-0.10167484,-0.4546517,0.18135795,0.40639046,0.16856863,0.09315387,0.17895421,0.0074013234,0.45842686,-0.30445853,-1.0316117,-0.69345486,0.38225797,0.04668809,-0.13699126,-0.41304898,0.47001734,0.09090314,0.31319007,0.28763446,0.3924298,0.37096494,-0.5756782,-0.39786157,0.3555578,0.24653913,-0.063300826,0.24140278,0.5661887,-0.63614285,0.11937397,0.18087874,-0.54260844,0.37241712,-0.00381216,-0.02223552,0.24349792,-0.46830443,0.24784064,0.098260485,0.28561178,-0.21966833,0.4009302,-0.1376571,-0.119717926,-0.32046196,-0.5316551,0.20728137,-0.07595645,-0.41540277,-0.058893148,-0.51026857,-0.37756917,0.3370607,0.15519755,0.08030289,0.07979397,0.40296155,0.4196673,0.13945158,-0.36144596
93,-0.39665672,-0.64559734,0.4775499,0.0035141672,-0.1479597,-0.64143467,-0.08969442,-0.32929376,-0.2234989,-0.112523176,-0.14314617,-0.085987575,0.058106914,0.12224514,-0.03364987,0.16548896,-0.27301556,0.5517118,0.005508348,-0.93766046,-0.0693464,0.33726546,0.2599216,0.41070387,-0.23130064,0.071908325,-0.1713087,-0.4724461,-0.13705048,-0.111797445,-0.2807875,-0.09391669,-0.17796893,0.31426528,-0.1640792,-0.043207098,0.20927227,-0.048126396,-1.0835141,0.0362072,-0.0652656,-0.20057946,0.49410304,-0.27271715,-0.13206185,0.19753574,-0.23898816,-0.017022112,0.39568064,-0.017185979,-0.05168546,0.05917456,-0.00072964747,0.38369167,0.057514995,-0.14571762,0.08136409,-0.46039993,-0.20256203,0.03755408,-0.02674253,0.0598539,-0.30813354,-0.04720726
94,-0.023206973,-0.78028786,-0.221043,-0.5235912,-0.15666948,-0.25326493,0.39387372,-0.8343454,-0.13995814,0.279496,-0.038282182,0.40411174,-0.1565356,-0.73143226,-0.5173507,0.23890916,-0.00635202,-0.35777697,0.3102567,-0.15562567,-0.36733717,0.26035878,0.36262918,0.036263652,-0.15030079,-0.06144402,0.32267168,0.026899938,0.077949114,-0.10176205,-0.010341717,0.3685906,-0.161412,0.3201563,0.015134219,-0.23393127,0.035856567,0.05667548,-0.63989717,0.27621132,0.14537077,-0.00070180575,0.4809522,0.18298219,0.05055551,0.21716657,-0.06216451,-0.0038487404,-0.41544235,-0.033521716,-0.12783231,0.0768253,0.16805275,0.10025186,-0.660981,-0.32706714,0.30308592,-0.2210224,0.533634,-0.43548924,-0.034780838,-0.07847638,0.39273584,0.2209207
95,-0.012941242,-0.6357779,-0.008682746,-0.31548396,-0.3462253,-0.058323573,-0.16414988,-0.3319568,-0.24051408,0.3086025,-0.49885598,-0.08480366,-0.42613065,-0.14286394,-0.37793452,0.106324024,-0.10349083,0.54146224,-0.06744125,-0.48362684,-0.34166425,0.14231412,0.22738618,0.2681955,-0.071199685,0.25367552,-0.12006163,-0.14711572,-0.15331694,0.33299303,-0.34423542,0.03776559,-0.15998618,0.11929717,0.2668697,0.05285015,0.20417695,0.13153158,-0.81207633,-0.2635931,-0.3595366,0.17551693,0.48586854,-0.17064449,-0.31517088,0.34331328,0.08786208,-0.34789205,0.0049892757,-0.07677858,0.30688155,-0.526502,-0.25734875,0.5425838,0.25419205,-0.20184872,0.55703676,0.096952766,0.23981866,-0.21236293,0.004924058,0.078627646,-0.1679146,-0.12571186
96,0.063293725,-0.28447205,0.15381698,0.047243748,-0.18808436,-0.01529651,0.22030021,0.16452676,0.45424345,0.38934427,0.1579245,-0.23211314,-0.25785184,-0.18330188,0.25039935,-0.00010453658,0.025369957,-0.46232623,0.23758778,0.10700944,0.18394639,0.010380415,0.15074913,0.044647783,-0.20697235,-0.30752233,-0.15281008,0.82536525,0.13058706,0.9331257,0.42102763,-0.23606536,-0.10496783,-0.00016603852,0.45614073,0.13515233,-0.6402077,0.08292723,-0.3660653,0.032554604,-0.24355516,0.29983816,-0.065143846,0.3156376,-0.7956942,0.05535805,-0.21750708,0.034478467,0.09827544,-0.055993684,0.35434166,-0.048715446,-0.057219025,-0.21759759,-0.15014099,-0.29776138,-0.09328318,0.72081685,-0.04782602,0.19827911,0.07246348,0.2565352,0.07203257,-0.019579055
97,0.004782842,0.34268865,0.56126434,-0.20182644,-0.37117463,0.14640427,0.051161047,-0.16206743,-0.007793715,0.11420794,0.28759694,0.82107586,0.024068808,-0.20100354,-0.03904905,-0.43463513,0.42603156,0.362182,0.2336729,-0.0155319525,-0.26540273,0.29696423,0.22957444,-0.28680274,0.5322063,0.024182152,0.4012164,0.18227619,-0.46342883,0.23407345,-0.2018088,0.5101661,0.11573095,0.16128765,-0.5902753,-0.14250794,0.0880956,-0.32081425,-0.04484889,-0.23087853,-0.13848533,-0.14756851,-0.04366362,0.17289548,-0.47743404,-0.20164303,-0.57922435,0.30818307,-0.34444508,-0.307439,-0.21704285,-0.18465859,-0.17557076,0.24011509,0.20978902,0.23635453,-0.30240047,0.11122853,-0.6043044,8.48782e-05,0.07556802,-0.02033043,-0.4386618,0.0919106
98,0.06185896,-0.07778396,-0.02740541,0.12503181,0.021201272,0.2055056,0.10604053,-0.046677373,-0.102734424,0.19891375,-0.005071842,0.3066836,-0.25589803,-0.030045481,-0.6656794,0.3845422,0.2119886,-2.8370754e-05,-0.4519056,0.18567364,0.19799358,0.28765586,0.167791,0.28813207,0.23499906,0.08406853,-0.005633397,0.07824192,0.14178765,-0.30564144,-0.33303863,0.4071522,-0.7410453,0.42360303,0.34371978,-0.2101925,0.16553082,0.16016039,-0.14529565,-0.11531529,0.30831018,0.060457967,0.29799908,-0.101256415,0.30424947,0.46318632,0.0803229,0.054048397,0.06544804,-0.40807754,0.30743706,-0.084918834,0.19929107,0.12584701,-0.5062794,-0.051973835,-0.6043354,-0.5221854,-0.11807669,0.09808738,0.3855268,0.21345118,-0.18699929,-0.16240132
99,-0.16919377,-0.7633724,0.18722522,-0.23421763,0.08312761,-0.33097008,-0.16589822,0.09091223,0.0478476,-0.07281441,0.12066877,0.04255414,-0.37972102,-0.06714963,-0.15339717,-0.46703714,0.09755725,-0.23263769,0.088886775,0.003926708,0.5210463,0.23960319,0.41602695,0.07545572,-0.013328395,-0.08486821,-0.52842367,0.44547144,-0.038421378,0.2007324,0.17603827,-0.21017389,-0.31468636,0.08761094,0.20518108,0.12684707,-0.39047283,0.22551431,-0.6624865,-0.15784268,-0.26257548,-0.24195695,-0.19780414,0.44831908,-0.15053111,-0.30246228,-0.19772215,-0.20118254,-0.015010426,-0.25161445,0.39105323,-0.5000411,-0.11090032,-0.34449884,0.3596006,-0.17141607,-0.051546153,0.9382822,-0.26185882,0.038503397,0.26592818,-0.07766415,-0.18070088,-0.6232792
100,0.5292361,-0.15532087,-0.08489239,0.27225327,0.043368254,0.16962247,0.3479792,-0.028012231,-0.33607417,0.15488315,-0.23075192,-0.5604284,0.39012313,0.33516976,0.6180954,0.63995165,-0.43897575,0.51932245,-0.1518812,0.039234858,-0.89896584,0.22089423,0.09712658,-0.3980498,-0.32054862,-0.1404412,-0.025433268,-0.25503245,0.124245025,-0.13933182,0.057554573,-0.0018111466,0.40789145,0.17307335,0.22120044,-0.079528525,0.36140797,0.029173005,0.2908277,0.027551983,0.0033576093,0.37327322,0.35822377,-0.7469987,0.4413422,0.22327179,0.2093545,-0.26704982,0.23541269,0.23387271,-0.58879864,0.054353934,-0.10396481,0.24735038,-0.21286461,-0.43499675,0.39847973,-0.20805624,0.16676198,-0.13224159,0.03679461,-0.3256873,0.24185053,-0.20547138
101,-0.04191013,-0.784382,0.44090435,-0.12331864,-0.14502944,-0.041661274,0.52062213,-0.18278833,0.25551993,0.1127379,0.35405713,0.12215455,-0.04243896,-0.5732565,-0.3829087,0.08932768,0.08819805,-0.07332606,-0.03391227,0.058373623,-0.113282494,-0.009818331,0.19571598,-0.5746302,-0.039155427,-0.4650807,0.16740395,0.14599094,0.051332675,0.051695503,0.46457076,0.030095976,-0.76008403,0.08326549,0.15993358,-0.21796913,-0.2672399,0.22581336,-0.6799582,0.47190607,-0.20593098,0.08837915,-0.08003894,0.38001877,0.11072792,-0.35665417,-0.7827224,0.60941553,-0.17011574,-0.12711377,-0.2957871,0.24582082,0.09011523,-0.044098444,-0.2939181,-0.5077714,0.16000038,0.026712712,-0.20472358,-0.028252302,-0.14216444,-0.3807358,-0.07025027,0.149685
102,-0.06535235,0.61997235,0.5166243,-0.47852936,-0.0053124996,0.03176681,0.027961373,0.4674085,0.046452038,-0.20939946,0.08714186,-0.22422405,-0.4480185,0.49085963,0.23186582,0.09546191,0.14753418,0.09073485,0.22015865,0.39727995,-0.13783877,0.30626297,0.1625429,-0.08246311,0.023597771,-0.07916177,-0.20024765,0.37665245,-0.40213194,-0.23252377,-0.08083478,-0.090610415,0.43307865,0.33032924,-0.6282181,-0.64671344,0.14418371,0.003847942,0.55515355,-0.08815746,-0.026971787,-0.07460222,-0.08208713,-0.3732349,-0.1058116,0.02334003,0.30559415,-0.059894606,-0.28861356,-0.06324532,-0.3661939,-0.6288735,-0.23444498,0.29289806,0.22654003,0.4244009,0.17462894,-0.2802523,-0.19627908,0.35860887,0.3591554,0.089700125,0.044564493,-0.6205085
103,-0.02325781,-0.27576935,0.6347597,0.011122901,-0.26818186,-0.35715583,0.5459511,-0.3791066,0.040743858,-0.022878537,0.23498796,0.40519527,-0.14990549,-0.45338118,-0.20888281,0.013715379,-0.2219561,-0.07538475,-0.015248897,-0.056848954,0.03504166,0.06695127,0.07054771,-0.25628188,0.33599338,-0.16048425,0.36587712,0.09327057,-0.056210916,0.22604938,0.067837305,-0.19785403,-0.38306764,-0.004780718,0.33826774,-0.037699126,0.01732572,-0.10265314,-0.39778632,0.43673778,-0.21759172,-0.0997548,0.38084194,0.26716405,-0.17165251,-0.22768746,-0.775569,0.082726836,0.25769484,-0.05217001,0.05979521,0.08359658,-0.2845742,0.0285055,-0.6949781,-0.34868374,0.13477178,-0.15119275,0.24376023,-0.037226178,-0.07518121,-0.40376815,0.97310716,-0.24635512
104,0.24984705,0.37875915,0.24265975,-0.62474865,0.19130974,-0.011280299,0.43594468,-0.04119006,0.14230312,0.10966615,0.5019542,-0.24753103,-0.032830585,-0.1780366,-0.05032149,0.033155356,-0.22207105,-0.008808657,0.21167158,-0.2147633,-0.749951,0.2488713,0.17842005,0.202438,-0.60237163,-0.23938885,-0.04319546,-0.045581512,0.10118017,-0.4850211,-0.2385912,-0.5431929,0.27289945,0.19873822,0.084481604,-1.294084,0.13634948,0.13894793,0.11087745,0.17743623,0.08513637,-0.16789347,0.41907734,-0.17242947,0.2122958,0.1466731,-0.034009114,0.38881296,-0.04239395,-0.027086329,-0.6155823,-0.23455857,0.018941868,0.10811016,-0.09544212,0.33585614,-0.05200786,-0.5644116,-0.07713909,0.06597526,0.12288038,-0.039766762,0.30970034,-0.9002002
105,0.23179822,-0.3448055,-0.52724254,-0.07118493,-0.2779738,0.27870438,-0.04510246,0.13000359,-0.1553189,-0.014739014,0.062404536,0.5897618,0.18566214,-0.31707135,-0.10440505,0.12105481,-0.29042408,0.42429703,0.3950654,0.7293893,0.3249536,-0.5870243,-0.7053883,-0.4214459,0.2977513,0.20766291,-0.08999695,0.1220365,-0.08153125,-0.36230192,0.0944257,0.10740025,-0.2795627,-0.59977865,0.13645616,-0.1937669,-0.24462439,-0.01026046,0.3534841,0.034758836,0.08613497,-0.16438514,-0.54665726,-0.16751345,-0.36142415,-0.065855175,-0.1442206,0.071223505,-0.10439102,0.0021344193,-0.1997018,0.18245862,0.17199051,-0.068948984,-0.6549054,-0.28268346,0.12523192,-0.24898164,0.35791656,0.21955273,-0.3949402,-0.365752,0.16513842,-0.64117986
106,0.273458,-0.017571844,-0.2255244,0.028374374,-0.060803093,0.046500996,0.49881917,0.0034747196,-0.23422666,0.19059964,-0.26965487,-0.019036207,0.117109835,-0.8223732,-0.03854694,0.3497925,-0.40702772,0.5648397,0.5854292,0.15372325,-0.6917524,-0.12007705,-0.12012077,-0.15183309,-0.16646317,0.05289491,0.1893984,-0.08296025,0.3974547,0.22253412,0.011276094,0.10803632,-0.23278421,-0.16530019,0.33694583,-0.12815219,0.21174751,-0.101567976,-0.031711005,0.83424634,0.29064637,0.3135506,0.5034325,0.36395368,0.2215962,0.08974792,-0.27458757,0.43972448,-0.08817376,-0.13790283,-0.07631426,0.45509928,0.09199357,0.27292073,-0.5814345,0.07617646,0.220729,-0.0917087,-0.011265745,-0.57275116,-0.051142704,-0.5341824,0.16207501,0.09905908
107,0.203755,-0.42789134,-0.82688546,0.22348364,-0.06649822,-0.023449156,-0.05092973,-0.13690886,0.24363919,0.012330016,-0.08033019,0.6508634,0.16577898,0.053739123,-0.21542567,0.071253315,-0.4529119,0.22852652,0.05232166,0.07909733,0.17501026,0.0063465755,-0.15028806,-0.12201639,0.06706747,0.2961555,0.17237538,0.13270803,0.073689245,-0.16264388,-0.10641075,-0.06353301,-0.018801518,0.046750136,0.22277719,-0.30452532,-0.7601808,-0.30598548,-0.022221034,0.066069454,0.43288776,-0.22618264,-0.4674714,-0.14744669,-0.1202683,0.0072401804,-0.967774,-0.059926696,0.037227727,-0.11817575,-0.120717645,0.30677056,0.5321273,-0.074556015,-0.21989994,-0.5516372,-0.02805016,-0.44054267,0.24618122,-0.50841045,-0.16499144,-0.78300387,-0.05923669,-0.6944252
108,0.27594176,0.25404415,-0.14969505,0.0031883789,-0.07047721,0.2500363,0.35850388,0.09279347,-0.12242096,0.75840265,-0.08693854,0.04874405,-0.0069632716,0.034959953,-0.053420134,0.3405858,-0.029636776,0.09560388,-0.4483717,0.050037082,-0.720216,0.2238838,0.24558312,-0.14426678,0.07594912,0.03745832,0.124643706,-0.30161744,0.19840021,-0.38109723,-0.3192118,0.025468523,0.06143625,0.089257225,0.07869723,-0.6077934,0.35721043,0.36905855,0.14936808,-0.16303153,0.0808787,0.54172367,0.1178778,-0.13525079,0.2897597,-0.012941145,0.81183076,-0.17786424,-0.088149495,-0.32630208,-0.3031568,-0.15100452,0.018972034,-0.14788109,0.3125685,0.38423914,-0.64110625,-0.62470174,-0.20148063,-0.42593807,0.11525308,0.48319772,-0.6831563,-0.17765462
109,-0.3956206,-0.15290137,-0.059000053,0.21278693,-0.47129387,-0.4735175,0.06770464,-0.018507034,0.6217531,-0.106317416,0.13523966,-0.0069447584,-0.2270561,0.2946108,0.06883973,0.0721921,0.32544085,-0.39386785,0.013089154,-0.29787758,0.3738569,0.7047736,0.91458887,-0.12639612,-0.16265611,-0.22705194,-0.2996374,0.1151773,-0.3893349,-0.28889066,0.45987475,-0.20714788,0.15562893,0.81179637,-0.44270664,0.111958705,-0.24127021,0.21236019,-0.42422882,-0.12596875,-0.056538608,-0.1135263,0.058817506,-0.71239406,-0.4939562,-0.1868674,-0.06765367,-0.1456446,-0.14137381,-0.20565635,-0.46124014,-0.36292332,-0.13565935,-0.083209366,-0.16434163,-0.06285618,-0.26158792,-0.06871317,-0.23280282,-0.19249257,0.7873104,-0.17542715,-0.24573396,-0.004462555
110,-0.07414596,-0.88769984,0.41194093,-0.016731204,-0.34363168,-0.28187355,0.16058639,-0.5500726,-0.048298374,-0.2261786,-0.085879624,-0.18160282,-0.01673893,0.07873425,-0.13778418,0.03449088,-0.07735493,-0.04182761,-0.05092497,-1.0672293,0.18848836,0.36794394,0.497294,0.59713614,-0.15037854,-0.15098865,-0.028575338,-0.25811532,0.07242459,-0.15585685,0.053212658,-0.0561989,-0.15441911,0.49655238,-0.005285488,0.0432876,0.12308103,0.17875567,-1.0573915,-0.057987794,-0.20369677,-0.01625949,0.29005867,-0.020628205,0.050972376,0.16235207,-0.26812074,-0.18950401,0.14026721,0.031057991,-0.07717734,-0.21611091,-0.19356006,0.18960062,-0.15260747,-0.6521416,0.26600546,-0.050677557,-0.14434746,-0.009258974,0.042156838,-0.0092877885,-0.326742,-0.1672908
111,0.2500119,-0.47127903,0.30886224,-0.2728578,-0.20609693,0.18304688,0.393387,-0.28936386,0.13969679,0.15696247,0.5153103,0.4531735,-0.017565062,-0.43629077,-0.057381283,-0.035610046,0.0012057662,0.088348754,-0.22005875,0.012834052,-0.38512677,0.14104316,0.14339815,-0.5438837,0.46443474,-0.28801212,0.36975262,-0.08355811,0.09295767,0.14634742,0.23568122,-0.14704522,-0.5481624,-0.032040574,-0.041332994,-0.21649249,-0.21900892,-0.007713034,-0.47459865,0.42561516,-0.18725322,0.12487549,-0.13352396,0.4416125,-0.5093265,-0.21274929,-0.5313313,0.6741916,-0.17777143,-0.23087446,-0.25760105,0.1081936,-0.07763432,-0.23225597,0.16197684,-0.069664836,-0.1905689,0.28661424,-0.49785674,-0.09703055,-0.19545962,-0.18563683,0.11805084,-0.2475218
112,0.43872476,0.15462765,-0.38395017,0.14215083,-0.018057803,0.2257056,0.32266992,-0.13561967,-0.0423833,0.32960474,-0.1784027,-0.30697578,0.32625106,0.44139627,0.10283549,0.3142347,0.08560432,0.051668767,-0.3451507,-0.5881561,-0.5448785,0.05017063,-0.019803088,-0.12618211,-0.23383887,0.5069289,0.5009282,-0.22793274,0.11644168,-0.29231277,-0.31360194,0.0770696,0.49817085,0.049179032,-0.1534875,-0.10231569,0.41136324,0.01627699,-0.12343919,-0.077626355,0.09694912,0.5003796,0.31009352,-0.66767114,0.29717076,0.2998377,0.6351374,-0.5137204,0.1880545,0.09956638,-0.34811795,-0.1844667,0.3069406,0.19739312,0.4406697,-0.39688027,0.020147938,-0.2512672,0.18249665,-0.1832363,0.028038055,-0.004042114,-0.29169318,0.25988
113,-0.10013652,-0.29346263,0.14007893,-0.123061724,0.064134836,-0.07895464,0.11453699,-0.3067276,-0.09331773,0.044936694,0.24817398,-0.02721075,-0.41319075,-0.2018386,-0.016482435,0.094696045,0.15801948,0.06238202,0.10044705,-0.46748155,0.10014603,0.6495259,0.6305261,0.2403567,-0.07416539,-0.1724957,-0.4323361,-0.06453216,0.092942595,-0.26388767,0.13493158,-0.38422808,-0.070923254,0.72285175,-0.28282678,-0.34637067,-0.12445876,-0.06847138,-0.5368355,0.110128745,-0.19061989,0.21087791,-0.46718514,0.032743275,0.21060605,0.30429864,0.25415766,0.2405764,-0.123106316,-0.15184768,-0.3110914,0.10803588,-0.030870542,-0.4998835,0.0007750735,0.12421842,-0.07199993,-0.042232107,0.06263926,-0.09130533,0.4385766,0.012008942,-0.32398477,-0.50335807
114,-0.39586753,0.06850358,-0.04804288,0.07559097,-0.31244135,0.33005238,0.17084004,0.32869795,0.31450164,0.70918363,0.24660219,0.042038005,-0.35923097,-0.3295265,-0.09955996,0.32303417,0.0848598,0.1401396,-0.016327213,0.10167048,0.1764005,0.08873317,0.17863978,0.36964583,-0.023049118,-0.33646345,0.042630695,0.55159754,-0.16420472,0.26721647,0.4107801,-0.1835693,-0.031730328,0.08397377,-0.038189083,-0.28850472,0.047196686,0.25203857,0.22290997,-0.18986857,0.37458754,0.7609637,0.27569216,0.17828195,-0.11576731,0.57907516,0.16011937,-0.13397177,-0.18570846,-0.61181986,0.5167739,0.020344786,0.008310139,-0.0045783394,-0.1308271,-0.13443998,0.13894269,0.4813606,0.19313477,-0.026836429,0.21823548,0.27777565,0.27757022,-0.002995153
115,-0.11050988,0.19847846,0.3160471,0.014104348,0.067202896,0.016260764,0.037984148,0.4724189,0.21476746,0.2200253,0.11457595,0.16757207,-0.11996461,0.03069504,-0.009769375,0.44044316,-0.018775135,-0.16585402,-1.2745192,0.35155028,0.18140894,0.0033503037,-0.087482885,0.10142369,-0.02537491,-0.17699069,-0.0669628,0.2885593,0.24220984,-0.71253514,-0.35528532,-0.12733783,-0.26873773,0.010558157,0.14726526,-0.6577311,0.17103834,-0.09046777,0.39792773,-0.10923084,0.087768085,0.30582026,-0.17049213,-0.11378633,0.32217857,-0.03021821,0.04880007,0.07424963,0.19565676,-0.56405616,-0.013534,-0.28291407,-0.24238206,-0.30529985,0.04136746,0.3890102,-0.5921959,-0.5508063,0.009253453,0.19316565,0.30662897,0.03239298,-0.1713243,-0.36762622
116,-0.7430737,-0.16880186,-0.6250708,-0.17761473,-0.036091793,0.15268601,-0.11786009,0.075933956,0.4020834,-0.047557063,-0.12288376,-0.2586444,0.010193895,0.0868465,-0.1768729,-0.23424871,-0.20710856,0.1158654,0.59696734,-0.42233247,0.15547238,-0.045593176,0.12985994,0.5127518,-0.39783975,0.13062494,0.5697909,0.41549554,-0.31950095,0.4127295,0.34390345,-0.09491439,0.3248181,0.11507839,-0.64054227,-0.041935705,-0.106416374,-0.11908367,-0.23888588,0.12554458,0.10953144,-0.22531347,-0.33021143,0.13770059,-0.23648223,-0.19775735,-0.053843852,0.014337827,-0.44314525,0.40460902,0.13469313,-0.13517301,0.5708843,0.4823191,-0.026180882,0.01229707,-0.24345753,0.22786638,-0.22856751,-0.006075764,-0.13211796,0.21280843,-0.0998396,0.17720096
117,-0.07223029,0.26485726,0.22655432,0.24484602,0.47817144,0.051736865,-0.108099386,0.32432875,0.01606095,-0.079919845,0.2367841,-0.019327832,0.08373872,0.07123633,0.17937753,-0.2142599,-0.26229072,-0.42607352,0.18153825,-0.36057097,0.21457793,0.25448036,0.16149767,0.1362585,-0.34402266,-0.32788303,0.025437566,-0.20723017,-0.17120546,0.055382468,-0.28610876,-0.6594512,0.2804772,0.38519517,-0.2559975,-0.02136489,0.09701833,0.2953444,0.20233896,-0.09739398,0.08387766,0.050792463,-0.23872127,0.06445644,0.26972818,-0.25744766,0.41994253,-0.079350166,0.24031624,0.054161306,-0.1518479,0.18657717,0.09585168,-1.1052091,0.40267935,0.1352714,-0.26192343,-0.49091792,-0.01757325,-0.09554002,0.25008336,0.02856522,-0.19521965,-0.38149053
118,0.20954108,-0.24769635,-0.8986381,-0.20886359,-0.42769012,0.16824424,0.11373667,-0.1472867,0.30348778,0.059892748,0.23295787,0.31095254,0.10285789,-0.30104268,0.27952194,0.26766625,-0.38785183,0.33604637,-0.110135935,0.25007814,0.2973528,0.05620765,-0.02999364,-0.16165209,0.006440206,0.004577717,-0.18213233,-0.04023388,0.099577814,-0.15404613,0.41221505,0.12464302,0.029900681,-0.10305141,-0.08165296,-0.12543179,-0.70237297,-0.03275226,0.02314976,0.08467201,0.069988556,-0.10483376,0.26419783,-0.289615,-0.06636247,-0.044172075,-1.0188311,0.023617566,-0.04810146,-0.09250198,-0.14044872,0.0054153576,-0.086886436,-0.078703545,-0.31687516,-0.13461418,0.07450672,-0.00449427,0.1987676,0.008838027,-0.011897635,-1.1556576,0.26575962,-0.48720375
119,-0.09389461,-0.27427277,0.61876476,0.3506803,-0.07353041,0.19155467,-0.93049216,0.24003981,-0.13452551,-0.096873544,0.054609153,0.3457947,-0.51874506,0.38511926,-0.24109846,0.2905263,-0.048793275,0.23420277,-0.26040044,-0.2806519,0.7818676,0.21716331,0.15131128,0.49512345,0.24971887,0.014508473,-0.10693749,0.21016462,-0.20648405,-0.20348695,-0.13936625,-0.021394962,-0.12248151,0.2188258,-0.21737652,-0.15918928,0.21302912,-0.15346389,0.0011982551,-0.6795176,0.44671857,-0.06587974,-0.42061943,-0.35326,0.21742766,0.27669653,0.11707471,-0.8443484,0.27628598,-0.54151136,0.117858745,-0.018533165,0.25806278,-0.037691485,0.40176544,-0.065407306,0.006309141,-0.0050568692,-0.0775236,0.06176428,0.16420513,0.37611446,-0.28439647,-0.33874607
120,0.035984747,-0.31792518,-0.020095555,0.32437658,-0.010401729,0.1244928,-0.032021046,-0.23172674,-0.20895088,0.038469993,-0.22633602,-0.24112473,0.16586152,-0.27332145,0.20896903,-0.08168111,-0.21167146,-0.047656856,0.0044285357,0.19285804,-0.3901388,-0.12116529,-0.06263548,-0.40093178,-0.10929608,-0.054908082,0.1938017,0.4252803,-0.010807406,0.4131686,-0.2628608,-0.43130603,-0.38310423,-0.016245507,0.45532665,0.31329924,-0.8208078,-0.3963629,-0.23758723,0.038892515,0.23506625,0.04745735,0.05624633,0.5107799,-0.31204984,-0.052481722,-0.80577785,0.0958358,0.32763767,-0.12299033,0.028467948,0.14390592,-0.017198792,-0.009244677,-0.28389582,-0.5071734,-0.10494056,-0.24728066,-0.03988971,0.20139487,-0.09174351,-0.6208553,0.08411598,0.19519787
121,-0.1119575,0.005862825,0.05573756,0.22985114,0.02350958,0.21387564,-0.29813015,-0.20381561,0.23470554,0.13537262,-0.60586184,-0.20138897,-0.106683835,0.4137326,-0.3534758,0.10520507,0.3596211,0.5234509,-0.50355774,0.43595895,0.06037293,0.008618419,0.25992772,-0.24873853,0.026384167,0.3273523,0.13133407,0.34284437,0.1322451,-0.1243023,0.30107677,0.32312626,-0.37705156,0.05048392,-0.25898522,0.09650553,0.25706586,0.15916784,0.051121227,-0.34930438,0.38526478,0.5075065,-0.13223374,-0.45476538,0.25907722,0.45734093,0.43666545,-0.72979355,-0.19860041,-0.29057,0.19576323,-0.044111636,0.08152601,0.3120075,-0.12667198,-0.033110246,-0.108888365,0.422264,0.15570424,0.11326733,-0.08679515,0.34462163,-0.47591245,0.22016159
122,-0.33312947,0.20889992,0.54578733,0.25747147,-0.2948648,0.119535245,0.057896353,0.103711836,0.32954305,-0.3018989,-0.2230509,0.12264655,-0.022627853,0.07900824,-0.0078096874,-0.5477628,0.6996782,-0.16588436,-0.37754822,0.42673793,-0.10805798,0.3350192,0.5845849,-0.16620202,0.47658032,-0.60973656,0.022420024,0.12265978,-0.4151276,0.18110219,-0.0882278,0.05450691,0.10329189,0.42232144,-0.8045684,0.14275579,-0.16622573,0.09124201,0.37921584,-0.0846559,-0.20870984,-0.19060895,0.057705536,-0.17547299,-0.21899012,-0.07000208,-0.14861721,-0.17719851,-0.0038815811,0.08350926,-0.30321026,-0.21099958,-0.5657139,0.0079548415,0.021769242,-0.038567483,-0.14962344,-0.04919781,-0.8103514,0.487384,0.254465,-0.20678142,0.08614536,0.014456201
123,-0.2574708,-0.32923988,-0.009426691,0.43816125,-0.29132774,0.20537198,-0.42653033,0.18598916,0.35000023,0.09973013,-0.38202626,-0.13963293,-0.030038178,0.15411888,-0.08408068,-0.13494278,0.3032426,0.048922017,-0.5851256,0.021166723,-0.06239924,0.28368658,0.21663167,-0.011867787,0.02854586,-0.16927865,-0.075364396,0.5435319,-0.024501741,0.04397864,0.5343688,-0.16611442,-0.16434509,0.2453108,0.40980694,0.34169367,0.2265642,0.27211317,-0.11488359,-0.27808845,-0.007132329,0.3371943,-0.067729704,-0.07423633,-0.13488807,0.12717777,0.3990584,0.019833256,0.33324775,-0.48947963,0.1034132,-0.090187915,-0.3618703,-0.07661236,-0.43186885,-0.3473178,-0.78804404,-0.043474462,-0.27385265,0.5231233,0.30304596,0.29735038,-0.06755632,0.17458881
124,-0.0382543,-0.15128735,0.7203582,-0.082845874,0.11444835,-0.4845207,0.5968753,-0.34879786,-0.043796845,-0.05103958,0.022266107,0.027782837,-0.44440082,0.012111433,-0.5280443,-0.37714738,-0.26338798,-0.23618232,0.14054663,0.027361302,-0.0147707,0.18047585,0.21524826,-0.12715231,0.40997446,-0.005280909,0.30266848,0.59501517,-0.010892009,0.22603455,0.031193448,-0.1355946,-0.18224429,0.123516165,0.14687969,-0.1308045,-0.18009578,0.25940305,-0.45514873,0.34371108,-0.112929106,-0.24233693,0.22226751,0.1303374,-0.2832228,-0.38487723,-1.1587768,-0.09059163,0.22567932,0.17923613,-0.19963165,-0.2672785,-0.20069487,-0.32943812,-0.06478873,-0.5156888,0.22396064,0.086302474,0.5367432,-0.10329853,0.066968575,-0.5262057,0.69681966,-0.28303578
125,-0.11106176,0.19256683,-0.3476421,0.30771175,-0.30043656,0.46266377,-0.05964851,0.032221157,0.34965432,0.61197394,-0.33951285,-0.6026069,-0.20605248,0.25303543,0.16712666,0.084834665,0.29772776,0.034788292,-0.7788595,-0.31135863,-0.59940284,0.1199941,0.08922037,-0.23365828,-0.43059307,-0.38219467,0.089313745,-0.009345857,-0.09939706,-0.051830895,-0.047551397,-0.24313854,-0.11441219,0.23963775,0.21730216,0.044161387,0.17597768,0.37463975,0.17064694,-0.35204205,0.1243727,0.8159039,-0.112675294,-0.3481771,-0.08190575,0.22725287,0.28162077,-0.41514513,0.37529972,-0.43277422,-0.046752963,-0.24078116,-0.032893565,-0.035569865,0.1362388,-0.06237045,-0.8083005,0.04275545,-0.20609559,0.20628391,0.16317792,0.25981477,-0.1902978,0.14083716
126,-0.1587785,-0.5063884,0.007034923,0.13197841,0.0410634,0.08859927,-0.041795038,0.18679266,-0.07516697,0.18163286,0.03385415,0.25952625,-0.1478882,-0.34207585,-0.24291788,-0.03486652,-0.45055687,-0.05033111,0.44110873,0.34063387,-0.07172704,-0.3233067,-0.23730424,-0.62570804,0.122256294,-0.113615416,-0.23168164,0.3044526,-0.127205,0.27096075,0.33708933,-0.45584688,-0.3167512,-0.38452694,0.18498126,0.19528453,-0.33926493,-0.08650645,-0.18884209,0.3227665,0.04165228,-0.023496555,-0.80276424,0.42674,-0.26704708,-0.16201621,-0.12081525,0.0071145524,0.19822133,-0.20741963,-0.22079471,0.05152001,0.25520927,-0.668218,-0.095705874,-0.3889887,-0.02187941,-0.21657616,0.03762331,0.59358,-0.12335579,-0.10415532,0.096019946,-0.8399447
127,0.05223654,-0.13421382,0.41352734,-0.2289447,0.24111775,-0.015705055,-0.49693757,-0.14337032,0.016898705,-0.1862999,-0.53650373,0.27960396,0.08054984,-0.38108486,-0.44842073,0.14135207,-0.26363614,0.30433056,-0.56350243,0.35398453,-0.0070727775,0.32142422,0.27708977,-0.22746718,0.33941293,-0.12568061,-0.19701374,0.08573989,0.015791306,-0.14328042,-0.29818332,0.1912814,-0.53994316,0.26197314,-0.2314694,-0.2776126,0.266729,0.027143134,-0.2137349,-0.06045015,-0.81593037,-0.24641038,0.027298631,-0.30143735,0.46104416,0.02104821,-0.35562426,-0.24148619,0.10767807,-0.11095855,0.1490663,0.21824126,-0.7547109,0.10318998,-0.31899208,-0.33571523,0.5605304,-0.2809188,0.11157778,0.14745127,0.23253407,-0.19142027,-0.11250695,-0.11631731
